userID,artistID,weight
703680,155818,1395.2120679683894
801034,674816,937.3778982974657
872331,448393,1607.5819624455546
975852,181501,1373.2970120741497
563786,589532,389.8667697122615
680731,173540,850.8994112385657
580347,467336,6053.289315022626
510457,683627,2833.8443227993325
427619,139708,1731.7446644457839
582638,111351,1382.8473492283458
677984,222168,444.9711987614014
763494,116583,1722.4340673036263
565110,776827,796.180087046312
229032,576192,344.1168090212303
789430,858686,54.95098467264163
792900,697735,403.07699933483696
806119,720021,401.9133261476187
185660,358492,2165.285664509799
703102,892846,4147.087886350347
886976,359964,541.6396278624229
228705,744225,2233.633186845482
685281,168036,454.1659206842887
457281,676985,2541.27812016565
687507,79564,368.6353019018274
976288,853711,2986.623150369045
834376,660710,2991.8305675637716
652344,412048,1011.7182584894356
567610,695522,2617.64361194964
757732,561824,3794.0486438881408
880154,289302,2500.6622237607194
87420,368515,530.4256337551765
656073,500298,3101.2584517909713
233136,230551,2035.276855361801
23425,168259,1625.3047301073302
267531,712748,1875.3366514756694
500785,600576,702.7445122820768
464862,681692,903.3069687702415
175764,731273,191.79795161423792
485906,682351,4767.191601566812
564202,830738,2017.1840832950663
39784,432562,93.98493025816222
708871,945506,510.7681046400638
960886,124092,4070.397564713964
617317,481574,2565.8458872386036
432054,232504,1103.528694812776
888088,178147,374.17532011618147
827484,175115,2837.1621970373135
101403,810856,1291.0460710496818
198599,930630,1623.8471023525765
184614,885751,967.6782122560564
168685,991132,979.4315408091907
360936,181501,82.40611835468994
594395,467336,2524.6681843212855
960230,944806,1347.65853699942
983077,453204,475.0020586699291
914527,19394,700.8103523621609
134594,361613,4582.0074447796615
257737,322436,159.16837517866762
514611,742056,1022.2765226760937
90287,46897,124.98274538518383
960206,155818,362.0198854651976
196165,323222,254.54569513277153
847891,545918,1687.1615390213026
927322,634974,2278.1707071001674
728367,610392,157.9154068714629
138760,354754,164.99546663682884
383577,43041,486.64184952754385
756469,203088,1007.2795300810176
263144,419839,1651.378413675144
688290,810856,1183.7136753106608
229999,173540,1183.2487770559248
873523,71619,607.530218928067
826268,477242,654.9749962049339
196767,405050,7252.069567564416
956139,429815,837.336480701988
853921,247498,1285.0711777252834
642482,209007,1314.426992884251
192054,947232,1711.642680948711
991436,950081,7060.790905022139
402936,359220,2174.5279877890516
73483,343176,136.60776142430686
665395,696504,968.0397126004192
94128,191805,1983.464241086233
733443,784640,886.6246443100263
145024,149616,1408.9753807667907
87420,357060,582.1077747623812
939428,443963,2369.809232901168
845022,172970,548.3731141783888
73989,442208,4137.374088728798
748236,43055,1043.9595586230762
961715,780093,135.5825975369567
789805,753436,785.7767072768928
321379,361613,1380.9183716106163
298171,137151,202.07265879655398
473629,964047,3011.09625395459
961018,278805,53.07369185320488
922821,845427,2470.4289585095758
746758,543648,694.0988696207659
199796,923116,914.7971205062627
567276,361613,2680.838979017762
787431,76576,512.3295007215752
809388,421331,96.26864723465394
956839,530632,1683.501113721885
645071,272457,1043.99954302567
497095,958530,535.587199587074
303215,325011,1934.8858224430167
616654,166845,2165.895643311834
402769,429117,524.5149897804058
387838,789786,2247.7622802899978
280445,278805,1073.4650536895238
921397,845427,750.5187246882087
5545,138995,1606.5125083711653
269328,843807,24.94024830167154
815960,358032,208.42939816347626
581089,175115,1034.759295467165
258600,343176,2115.614238103982
826214,124092,2392.384352569624
511970,378771,315.620827664444
930675,569289,744.850636786533
235465,677576,1213.3028792831667
826533,665162,1619.7879895500732
63167,457602,893.267266339879
749492,122935,1099.9059623566404
115791,99737,651.6327517489149
348711,494777,169.68539991370483
457220,23763,2723.309243500848
87432,873790,467.5656853676302
878123,935585,124.25175039453961
749597,695522,3934.2502574943787
155431,668467,1903.9893386975534
843911,156463,684.237009559607
733993,301921,1096.321835025936
173252,259282,794.6549601908602
304970,40691,2719.6592621701866
667644,930577,175.61898964639448
291936,218845,407.2953797020263
853921,208721,1285.463733778565
809698,172970,1365.2733135461538
212905,342381,766.6589877550297
548651,879365,437.487169778953
40242,332403,199.84670988269096
629589,440242,1522.5778489761947
572442,926341,467.92984172880887
862066,853711,2141.7347096891926
690928,698415,3677.653483926002
880154,961450,1963.5682937976594
838520,361613,1796.0560574040383
950278,181501,1940.6829280505103
705172,984203,799.4592938482119
525454,282435,3492.509023658906
94085,697735,939.3400401420788
742254,887902,590.2937237499305
204933,736860,596.1084337207836
418840,22989,238.30238813434187
459393,302116,417.398272673445
387451,11502,2886.4938169447696
127948,443525,818.4125803122913
162715,975724,1168.3022347220399
233407,175115,4434.881611465075
720908,172767,1276.1635245731968
738689,940986,181.46682900806783
443869,159780,925.5892353119659
965700,158396,372.5140550398214
760280,430087,4498.9942323794
535656,699356,359.8787344602705
545414,64135,1313.0911090168966
706244,184702,270.6391722549179
14468,530577,1362.0565283528065
473629,831838,2721.650375845316
927895,156463,591.1375390967519
321379,569772,119.2812189813475
714063,444328,6598.170512474817
413789,442208,2805.2876259909003
328648,442180,1863.8581117650592
844831,825117,2246.311567669577
652162,530577,1385.8186420804377
35301,581871,2263.693241782129
51309,200862,310.421341436427
690928,622212,2464.629779568111
709789,569289,2164.1727911123608
307077,853711,1990.1120348642698
583366,322141,473.96918530560333
770147,964615,314.4579490937998
485327,530632,783.8503946453043
390708,919754,875.3178203964592
500243,580528,317.6812574126847
105101,155818,1102.5725320001727
592059,835492,1395.4633641009036
35301,19394,2688.146854407075
609299,513102,416.6986248227772
922821,222168,2443.2873247636617
606675,118072,1276.9857491360635
388163,576534,754.3079503664701
292139,795806,961.4768013781427
428585,203088,805.3458883683662
921538,866793,2231.5667041839415
269980,545860,2150.731990808938
739689,443963,641.5842459934098
544870,62959,2492.1850677324155
230844,30048,7023.449490996343
133694,429117,636.913954581383
872098,65027,561.2863005851024
304321,88581,938.148156356403
922821,670344,2435.4191429424027
602086,417921,828.242810852642
50241,929648,145.5283317483597
523601,940359,2222.0314594301235
428998,477958,898.5243288906095
386252,490812,2426.9971438360535
527585,530577,1397.1287989438683
672075,203088,5555.08823957146
549879,719852,1770.1427087866991
517910,853711,1749.3351618547636
674938,923116,978.3054098224444
379468,839768,992.888070870077
629329,359220,148.12904237499276
738689,139708,167.72412729692087
836445,714905,3084.832163094219
728654,576534,518.3144416692705
162306,839864,1135.6340179196818
677058,961450,4290.970605351602
696596,429815,909.7090423984913
865119,810856,2668.165574053034
702370,864193,2133.5239564436874
889386,342381,1590.8373165542012
12778,676985,742.7162395337103
748236,683627,2777.789696669094
146050,882140,4195.47668886661
860559,343176,318.09489233320744
501724,103828,1058.9299088524688
629275,371227,447.0121144637113
767243,810856,1815.5230821615046
648669,720245,716.8145943606058
873523,352427,748.6981231538321
411817,419839,1277.6040538637062
379357,528099,3036.695565177989
500846,156463,1723.1306165976061
984969,107765,323.58183210168374
31327,753436,513.8610873287117
144919,59550,650.09001165153
52441,825117,841.3971880398992
17180,531167,4407.081875976794
113887,720245,6646.341445966786
798629,366172,3760.3042768698074
180375,257446,2393.764322240791
677984,998913,305.5853511067568
991074,244124,941.5141392013493
202511,404332,2107.244209717559
749597,817206,4025.0776989405394
540926,146545,4715.944197650308
754834,341932,785.519509063141
84252,558292,27.4352656857503
680396,707607,1314.858092785356
138343,732090,1157.1405773229033
208192,558834,986.2993719803106
899692,259282,461.72035126817593
578454,685284,204.70533648461407
759507,875661,307.27774336704164
212710,206710,1072.790350758134
619310,337599,507.5982847230665
685281,860465,302.308807608149
51230,697735,1139.157118837771
5545,964615,1150.5043948386556
46049,322436,2251.800652170024
560178,282435,6242.495857353142
865119,695522,2672.6142535338613
478885,693469,855.0545615234494
197033,20822,3346.2519764314993
519266,918042,9869.624292356584
900442,768391,2250.8343077378413
731718,257446,1795.1117602875609
703680,785196,1164.2930348541704
779448,637840,845.0038353775267
366716,222168,1617.5467925838575
412878,853711,1832.499190964521
569729,947182,867.2498275040095
213799,750287,930.6104266038788
905328,289302,2401.6056577422205
394550,969697,8810.151406495948
10146,133019,515.5386928774853
914075,481574,3105.205864714667
25155,306419,996.0685765890867
837400,637196,1133.8138659834572
212905,741090,862.2930509481105
485420,276693,8697.411398367141
617317,550395,774.6904654398252
471115,628744,372.23196343005293
308024,417021,94.33567595479445
368320,512900,525.6307641932276
901815,477242,2270.8940142575934
704863,877336,547.4506355334988
780239,458201,799.9235801381467
233229,589663,1396.2549469627197
448583,590338,1341.3809621017951
465371,720021,1198.6170346079423
479968,43965,201.26434484065314
290643,2282,1385.52085083924
473629,964047,3011.09625395459
287882,625262,1882.5352022383754
751813,156463,1342.8007286991874
12180,158427,296.9399132550099
218067,720021,473.4464847949113
440649,683627,1978.2064548807423
583366,290726,872.7849851784968
154142,961450,3373.691496743886
257365,110225,2677.118148202132
425980,560212,1200.0827032227728
162306,952765,959.1385186697798
717621,882140,671.0810974524524
941366,615562,1401.4780977075006
926638,442208,15383.126459417144
805478,203088,1983.5164347167379
278830,332403,809.2266857062921
892315,176088,743.9108340883248
728654,172260,848.7629278945334
687395,357060,213.20116652202438
23425,361613,2644.6197004548376
996586,964047,1184.5945723215614
13084,742056,144.71500634074795
914075,617660,2519.507652240185
303215,416657,1926.9635990874428
30404,668067,1776.9571382051145
655693,956375,3158.570392283341
572295,457602,214.39361727599493
388163,845658,1261.5995869066064
275753,763239,528.5084796948275
508803,173210,221.54776405578093
320710,367555,1705.46723908794
178036,632927,4639.941618676969
415534,78309,3592.554562198081
939109,357060,1762.4030338181296
233713,668067,807.7079803102176
616727,810856,375.73418058784887
694983,617660,2243.2292496274945
897835,252161,2033.153831659859
804132,412048,1120.6449452111938
377658,332403,696.2148049763434
386404,30958,422.63497887659776
776400,86690,1045.9772861815866
133263,70231,810.2837243030715
909495,412048,600.8817287945966
527585,121800,1184.2851125172283
3028,92051,1030.6806789325658
91756,930630,1412.9188048815313
367802,20945,1810.979369925466
274002,720245,2018.1197083363809
943078,161791,2835.4405201433965
16583,325011,483.81000812017345
312559,660918,918.1351491756279
946410,306419,572.0948366537696
646566,88581,2098.8591270801526
958627,357060,340.4753792510894
798629,947232,3751.8580244232835
198793,923116,930.8935147985586
629573,116583,1154.7653610793313
535656,684955,696.0963084366879
320505,62959,439.23327670202826
325302,853711,4125.722321516184
139237,124092,1430.0793428173824
226076,224759,2789.2394501506806
277770,442180,1510.4855648096204
919883,412048,6327.958448246254
202214,124092,6125.678606861464
385467,554209,591.0346346433532
300804,685277,896.8832226985385
600619,611677,407.60763385990043
430771,442180,2917.635527393456
921538,259282,2466.9579565361346
733993,301921,1096.321835025936
877276,831838,1058.6582361184928
520152,368515,745.3716106746263
29229,543648,1051.6376412606642
980347,887902,4753.765901828887
314971,14510,5137.032008688151
872280,731343,2857.0215235693904
647391,7239,1555.3527458125645
13713,947232,403.9585470306263
88536,47251,894.0334182821445
533032,442208,2759.9266369606667
149845,453204,441.0749107760638
461374,842353,701.013207107186
397925,352427,739.4736179383023
748809,765421,1645.875511462292
196165,975724,326.7679999049463
550427,247498,1882.6620858065844
198812,964047,431.6353609104426
361930,807942,247.22957570783015
675367,481574,2360.1523761209855
981277,175115,929.9968748901348
550269,461718,282.94163749009516
872098,580997,1417.6273002571243
29341,714905,4784.488394813934
501468,809910,299.60767188877713
581813,853711,2533.197983485871
687395,961450,499.4827098098042
468276,92883,1913.382058397051
623294,593407,467.4583996694046
515608,303318,606.3293892146888
968421,880878,343.1782284305758
52929,968746,531.0083283113939
393604,432302,263.9540528298804
494116,419839,297.5826615864101
52933,845427,581.2846191017798
49766,324722,239.69746753433984
751455,442208,2692.1588085500007
711852,419839,1192.285704313194
5334,429815,952.9853497809976
652344,622212,417.1347118699132
616467,77532,694.9562663864265
400867,142649,387.4508548973433
584174,684955,456.78981642803797
60438,680503,905.1512933994089
30404,218845,1215.9458159841138
809698,918042,4587.921942849176
950407,285685,215.8915421522242
290858,865701,2348.1610176299923
132102,720245,4176.372234233869
107122,810277,32.51105254434603
376613,95297,5254.596814636799
52933,838567,592.2203523750812
756469,85370,788.1432026216662
197117,837231,735.8379575883816
628474,143964,1294.93246187858
509031,62959,374.1086353213587
238281,146980,1166.4627194979362
648400,901795,463.73337393916074
462373,918042,4668.213264089799
190171,720021,10098.04113764913
438811,593896,269.68780948281903
705897,163987,1872.722608706706
886557,161470,10922.660529296363
948660,361613,1926.7761542493604
428585,134783,336.5492244669045
154714,85370,554.4999200982505
381409,134783,244.79062801544336
466354,325011,864.2681766699175
510457,361613,2227.248503700042
729324,728573,658.6298681835696
328887,892846,945.2430488408725
983454,443963,614.1009728278652
841967,155818,1564.2014414512796
294105,558292,1280.4470930930274
688082,176088,1013.2571189883706
208530,520514,542.9590139818216
5334,755701,773.102995846976
672617,904592,2763.6312985358245
445584,720245,2778.588806124564
98012,481574,2855.335475409236
757732,429117,3872.0954947083856
651842,404921,516.9067572841532
179421,332403,2517.209080105455
696944,467336,6666.642448821466
757708,805437,9.124987067553741
745745,85370,1320.6951277245366
773773,578968,929.0841573196976
830138,83760,1412.166242827239
816529,427016,639.9415260648674
74832,85370,937.2053427801056
786606,173540,582.8593246867865
728654,343176,572.137182086012
641101,359220,55.68804368950184
662690,59550,15671.05946968788
287882,720245,1959.638310070573
996946,581871,8071.6498374905705
831962,695522,838.7138648212242
980347,121996,5990.449627015699
675367,285685,354.51281680508373
32513,30376,526.0333164391444
391289,765004,934.4283177384351
109353,712748,6579.917289476927
91959,163987,45.188241696645775
329918,543648,1246.8561382905734
865448,797471,940.2140191271076
674371,483285,1178.1989565036804
217484,139878,1472.5501222004882
923619,341932,2358.065288761046
235465,677576,1213.3028792831667
522992,683627,2700.902178490389
259412,918042,4047.909702151073
109353,894544,6015.028413183586
356813,64135,11801.941347837545
890152,30376,820.0247685678844
983077,359220,285.282330741528
75683,343176,768.2377116086171
677984,132660,432.59024420232276
976972,318504,1241.8069737588635
102809,357600,1228.3350961916549
267531,936020,1072.7604420732578
296720,905371,381.9449696099539
738728,579967,6703.630825049766
170321,155818,954.4539601269178
60438,772796,743.7482224626049
249667,232504,3740.4761070554905
226184,282435,1592.10441652256
623294,245135,220.94172513037378
580758,955087,2610.0865319102663
504578,720245,927.0226138196781
3859,417999,213.14525998670427
267531,567422,1012.9681128196536
763494,337599,2467.6349450235725
748236,337273,1903.462319908443
46098,54879,112.4534266739166
179421,7391,2450.6176503443558
816529,15238,524.1478862157234
249741,785196,6825.344660056569
742254,681692,1365.2912961695206
149710,918042,4765.688942735045
943753,342381,967.5270300529664
565019,19394,1549.2722831885358
239215,684955,826.9231386082226
865119,442208,4659.932543914273
189144,879365,1056.763152017444
285752,631627,352.41226173462746
82245,740537,181.66689241508442
612336,595517,1960.8252847252602
943405,706119,584.0378714918719
314004,175115,1126.1471919613568
182917,878291,1101.9869239540437
98220,358877,389.1785120509277
887152,656648,522.7951504103473
525454,181501,2000.6697433935847
307836,366475,393.888569744891
889517,210547,1183.5452472279983
154714,175115,712.9800718016913
462373,191805,1204.6158178219464
87432,139708,730.0327343249169
993278,955087,338.09400478018085
88833,481574,3374.8167974826597
820043,853711,2354.2526023988585
178036,419839,5052.5930002891
23425,181501,1465.2565466017018
152292,88020,1339.2811769470995
872280,746858,2226.4672807481497
235170,647752,310.92328150460213
157849,546334,1262.5634117881996
870695,671635,1180.3522285783847
475311,569772,30.690477460406324
119912,964047,1557.0263694258408
229999,309284,993.6970013194734
434435,359220,413.8056913097806
366716,653526,1445.6984935550133
983003,395742,339.01736878386464
462373,430960,870.6084761885031
385920,168040,2815.229539900014
399241,110225,1551.2438545879293
249741,83760,8102.684524430261
255238,593896,1006.2675202976706
642482,377243,995.2833783570616
583524,429815,3816.0114881005534
921500,442208,2674.5218329837003
443018,299201,1193.6119190271816
915822,501406,2740.698257947128
578454,741090,281.74885229552854
725592,662929,186.42773964253092
299012,742056,1009.2169265283915
35953,993433,191.26185883181455
388542,539831,229.91309106280283
987042,679564,748.1023777192594
461672,285685,612.599009981187
551116,942223,304.1035319109907
904490,707607,2451.8507848823274
245375,523230,2332.11409650967
777914,46858,2341.431415289331
84252,27852,29.07211320386578
141626,134783,2191.6740570920756
32820,894544,2160.453151868023
446114,853711,3364.1717189928586
280345,595651,1182.2612296796174
788707,110225,2393.8692410112535
588774,998913,761.4408015534948
940112,892846,1892.7321806188747
685438,325135,3929.9608333375263
704863,203088,1052.2809629892026
287399,695073,259.9044746217453
481517,965622,2577.0779652329547
36989,252330,246.64194162887622
149710,631627,1240.1577397268898
21197,8532,526.7398824875694
672075,707607,5575.475510791663
904490,353431,1862.7380928433495
778023,924533,796.9830542953775
721041,40691,8409.27647789891
621581,479451,4057.870645205554
687507,368515,357.13018162061235
312559,753600,1327.1304527520365
292231,358706,2719.730163330581
40167,685277,2434.941356725523
165064,792241,534.8583279981304
858927,200862,114.2509257613591
960673,209975,1342.897535861454
743002,699356,926.2851291631996
943753,706932,1097.365887158327
849071,169708,6017.91328430015
933875,890120,1641.6044302092141
502855,161470,3029.318826416559
931636,866793,3455.598356228562
689551,859848,3897.0791778869393
905328,77532,1692.1308453701051
864274,853711,2868.9959457878244
854305,546334,1414.298598517715
912876,528099,520.1282881826771
801034,83016,517.5097701609998
641101,878291,243.31610116468465
160531,838773,554.4203777944182
456045,172260,773.9992226781724
820043,181501,656.6121954627287
980347,430087,4317.318281685795
546751,90870,1053.0298428599515
472734,993470,1590.8474626970242
572442,182948,349.2918404812716
134594,975724,3996.297901139412
278830,821099,1139.5504945336693
303215,799263,2195.1267354389856
457566,961450,1732.4317177263952
268330,77532,466.91497607953715
651183,161791,5687.985144000858
784469,197265,726.6761879762638
538866,323714,2454.9121675192428
396793,356630,1138.8511857000585
55408,762652,5244.455275104761
956139,712748,791.2748137375879
950407,429815,730.223893413774
539688,354754,1948.101139120198
488972,427016,3095.375829629377
679277,463579,3136.301736373169
717621,204071,235.9139420304695
147687,323714,893.7625085350842
344387,804852,1568.4227969820568
646811,603814,853.7320015359207
106422,559634,861.3999230511686
400684,598237,943.6518477192417
83556,28824,1418.8382512702378
857941,560212,391.4428863210394
921500,712748,971.2984984497006
155448,159881,469.8329693697539
397832,271305,170.1434396568596
931303,914322,2170.0408089263374
693315,422993,313.382011266115
960206,968746,112.18097958155255
841491,581546,1383.804475168521
560178,429815,5964.160495591997
135234,964047,2122.272213243654
220422,454172,1048.5537375277308
461374,359964,390.08551838417145
930582,431405,1608.8584710306473
898340,959822,389.86465122491893
537780,151958,2003.4399667998955
745745,332403,1059.3276545985211
255238,785196,721.3785841431321
155813,546613,13145.921276497564
462373,853711,2656.8366743734546
810951,842353,693.4970043853424
428286,837231,1371.5762920224115
363327,124092,1947.5592177532862
517362,155818,1319.903702522885
676545,667218,1919.999240707618
718811,830738,3909.637918665507
272515,252330,3536.7750412128175
386252,720021,2559.951761501823
461672,845658,825.1349361354119
767243,892846,2041.5043173217905
290858,429815,2685.786380822885
548897,77532,652.4540998002917
199575,858686,923.1518134815915
35632,172260,1706.4268641212407
921349,652478,319.18262222532314
548651,885751,264.5886265555628
764100,566781,236.06249518506314
206430,78544,2387.4964704212216
822352,35691,1326.612565268969
776400,124092,2105.8537975414074
381316,79564,679.6621446782798
155448,173500,49.61628169427824
626453,168040,8155.439707038863
879323,706932,973.8180294217702
625230,427016,1028.9290675195293
550269,467096,392.99057465891235
364412,794732,398.21203985378645
777692,172767,1019.3974511741751
917331,280800,2721.444535433705
621581,76655,3580.2694641886005
676547,707607,1233.9411419436765
994557,203088,1941.824038084685
363327,811014,801.5244342929465
44344,124806,2727.8529029760966
217484,139878,1472.5501222004882
948660,825117,1472.4034023267182
470988,407444,1187.3601435363148
904490,576534,1572.8524118618911
858239,617660,2439.3993743982223
131584,541838,1413.421051189614
178090,197587,348.93184630880353
81638,626176,634.3503135215169
160451,88581,880.9601116635724
893916,366172,8.120442592537795
962823,964047,825.9502861824858
380320,418352,700.7988584380623
680069,279019,843.031804863793
329721,203088,4231.822558075323
338687,853711,4407.984258852153
665381,226012,438.13846594360416
806610,172260,1115.021300200256
596439,682351,5285.242898809462
179421,168040,3363.2843257903983
502990,19394,850.1092338135097
402706,155818,1651.3280068981335
101021,515894,1662.4985658061632
173042,481574,3866.428487857038
329918,543648,1246.8561382905734
208237,603814,1326.3542640644591
696944,724817,5714.057269925774
763874,697735,6084.612899335676
185706,324421,698.6133889216618
956839,945506,1271.0079689071622
980278,477242,309.68764355466317
388542,68758,308.5907134918425
229032,841918,924.6882768574917
889517,500298,813.4005855200577
212644,289302,3212.621980522388
589816,665225,250.34665586456444
360936,83760,21.538616258080257
39784,449050,180.32106611516696
572310,853711,2477.291435329973
278374,746858,35.194333198093034
848198,858628,1364.5486278659864
931256,530577,2498.130648885463
865855,354754,99.58334355623676
826268,531167,3308.4735600856707
933875,137151,2091.5720490390618
224720,834789,1110.0603102934592
109410,993470,892.1587211574794
862531,810856,513.2970241423502
473629,467336,4687.6244632468615
645088,892846,3094.6790463976768
606750,203088,1848.1927234430032
105101,323714,1271.321056729739
714063,595651,5575.85679199792
994520,94700,497.22260088560637
930068,490812,1102.076857706631
611929,603814,1046.2040968075191
767243,837231,1574.7511612365454
314004,433133,1062.7585237427338
160451,88581,880.9601116635724
128643,120514,2125.2947830312487
263666,936020,132.59890850500912
329721,395742,3599.46616214646
500243,166932,426.8880841241126
956839,209750,2167.880249106845
495790,137151,2271.1566210345763
97664,175115,1053.537880925147
953808,71619,845.3758685095627
139237,271305,97.1672104536775
235465,166845,1297.6806466445034
345317,960105,1247.3443300154138
702113,155818,5273.256092830372
936230,720021,218.2572711782786
996946,256944,8998.016612216774
494923,203088,2167.1841390282593
387838,419839,2093.9215589089836
57955,882140,557.4504919805897
9072,968746,1009.6601095450543
189144,849673,905.0345958704356
259412,124092,1585.6930400843435
280445,445880,1196.5236278150653
614659,860838,1109.6054333046968
317525,133305,490.52527935083214
248522,421230,1576.479000268118
208084,707607,2395.4369855434225
20501,720021,1121.2862672891192
200749,422993,3743.571277064965
60438,7391,914.8771376457407
239119,531167,3467.442518178767
214829,368515,932.7808736545666
717621,720471,516.3551552542131
16583,161791,2178.247894808234
149845,161791,1789.8206218803596
708871,945506,510.7681046400638
594395,200862,556.8801793859818
962823,266299,688.3120965153379
783758,244124,1551.667993685116
456045,926341,611.6987995866905
939571,181501,1714.6315453529041
94085,33540,484.60635055514865
677058,481574,7299.06087164074
261329,558292,1343.3686573454302
738689,636297,41.17931005920516
939238,347465,2.1723461343855455
811101,841332,3353.6729491051638
393955,404332,950.8804245044149
183541,660710,694.8922574291751
583328,955087,1592.7144459136543
342670,467336,6230.987446717538
869053,561824,1236.4858494256282
759507,59550,511.28665459250124
285752,978372,413.9044757500137
520152,417999,706.680424435905
166096,779403,761.3798984823497
23413,458201,418.25070299943917
33893,12052,1053.5840657827234
863527,124291,353.91261313798867
255026,947182,759.4230532573276
252585,349340,556.3249448589776
550465,926341,776.6498549139872
676169,817299,497.9885531825455
714512,11502,3078.0673466532307
375550,648994,2201.844262132055
940375,353431,1465.2998513184498
946410,493058,392.9784822782717
535656,244124,760.0881058831599
387838,161791,3366.512920016443
690769,43965,986.2388401962222
778959,850645,271.36943271890675
878123,941421,106.90118231522422
930582,161791,2505.9812017568347
32813,442180,549.2396277180665
877034,975724,597.6164912550337
405415,209750,3982.505215751264
802814,437750,1459.3439990645234
138760,354754,164.99546663682884
769063,33540,887.6261244435792
369563,308431,291.2264565746308
863527,55333,348.7117501190319
229536,695937,1393.8885580070214
553919,298381,317.32401630536464
307077,173210,234.77049606368507
891024,209750,4524.1742645829145
674371,71619,983.5948243581547
679277,731343,3727.5796650966404
208237,131361,1672.0576957927196
494923,203088,2167.1841390282593
670600,510309,656.1030812887609
87420,322141,521.5670678916944
484907,203088,816.6008155227561
141626,467336,4774.378278044463
643349,85370,2237.877752069997
804482,763185,708.4164326620992
46079,124806,365.7006384151024
920883,882140,893.7683898778465
221082,34924,690.0126575569566
148529,68618,1170.868332562662
835455,513102,692.4009805534354
821723,744225,649.1577099859384
381742,454172,830.9394683968196
84252,419839,222.52265246625603
674938,165206,427.70312265677046
713609,33540,958.6861025305121
35301,569772,3155.750748516782
323213,943114,2145.8316134250376
320312,231924,594.7369801806065
406426,742056,383.0269638305657
54907,279434,1707.4123131009678
648669,99737,414.69738991595943
343297,593407,527.8870223986451
936489,173210,910.1355281767401
739689,207572,238.89555339000077
983454,943000,342.1499761509481
328887,11502,1503.6779406891555
984969,508732,157.99272719254813
415685,175115,2762.480668044639
154611,372792,424.74636139863844
788474,207572,499.8453186328112
10146,429815,1158.1520122389452
5334,911765,12156.577908670793
280345,500298,884.4884701953274
198812,697735,673.2797310117606
168383,475017,1187.4137966241865
128643,252330,1672.0535996457472
367242,737971,440.6108912273528
227356,701088,777.9918427104926
962823,689022,1402.7604173499822
360936,765004,109.78091360132824
825437,845658,1454.6466133445192
314004,785196,620.8205712876155
983077,710003,552.0958083899156
956139,124092,1408.199972906167
9797,62959,1671.5815620941153
427619,139708,1731.7446644457839
926285,967776,612.6157855249097
841967,918042,5124.085107901563
956139,156463,362.9756154607963
983454,117240,1155.612502827913
197033,593407,3430.632707892832
238350,313852,2023.482029069778
292771,683627,2447.9802949404507
590674,284898,111.24397810262704
652256,120514,1890.7555052930868
379529,175115,1074.2659948099858
831804,601564,734.6921142234403
300740,442208,4294.401032172277
781907,239589,3520.0344620951228
477165,918042,5710.655537561868
950278,182948,2976.906597827881
72732,276693,100.5640728166988
734572,357060,721.8562393210173
541390,134783,928.2213171885447
486723,918042,6130.160911130986
680069,83760,647.3207732455361
300740,617660,4092.3536005486385
249741,810277,7039.968721014563
784623,166845,2133.5036528895225
255238,407954,796.7226298880653
52933,172970,818.6016061886394
715340,59550,465.85936886105344
318613,968423,536.2727253251071
996946,419839,9226.174244477257
170321,880878,908.3705789103669
24356,936601,1520.5585733693038
758559,373880,441.19935153343397
995474,685277,1987.130572483732
950278,111351,1797.5832568463736
218312,528099,2135.611722081611
518921,442180,1839.7880186927287
445584,202503,2165.9611685330515
641245,154970,2611.60787360028
962823,964047,825.9502861824858
580763,325752,1044.5582480409566
891017,43041,1342.9377997042589
588774,880878,974.8709024587572
484907,134783,388.0565993228572
102625,417921,4156.133500611165
435858,631627,630.1958680363529
565019,676985,1761.3141723702665
15762,397791,845.5265926883746
952776,83760,1145.963933050075
321831,841918,3181.1469261392967
9797,244124,1985.678311602237
909826,569289,7678.86716149026
702370,230551,1603.54236750185
436879,530577,2161.6914303320673
461374,668067,715.0984498511411
931636,990451,4090.3820558582493
511164,991841,2432.575082624516
552679,580751,562.2916038571307
896821,181501,1753.4830961312437
864274,831838,1268.4376602728978
558817,539831,498.20907729058274
338687,683627,4560.640128850397
68322,807942,146.20657099478717
490549,99737,1856.4048591317512
635419,918042,4466.680315519996
784451,353431,1070.059555918168
321831,926341,2525.979625799465
278830,716602,673.0138613100946
781907,239589,3520.0344620951228
756469,133019,321.278300721414
154832,231924,1460.775617013744
845634,465904,777.7139382137866
393955,546334,1837.3894031159443
307836,285685,321.4677124990851
372854,217961,971.597749189242
380320,582264,801.2340214151664
138760,786341,254.91210458253565
932825,161791,2645.039532782703
475311,392334,598.0379210038614
908195,680503,501.77301477079766
119317,974267,790.7259364261542
239119,977491,1194.0475888296005
572310,789786,1273.445655187992
642984,366462,2068.76737079359
198599,866793,1818.1796767562441
308024,417021,94.33567595479445
763874,128283,6860.212747496993
514757,22156,1375.7682821120925
858239,34924,438.6787675519687
97664,200862,570.6717456162172
684086,466274,1107.1937812609178
160451,88581,880.9601116635724
287399,372657,1055.182203329646
164135,337273,2506.738964699677
143176,880878,811.7751709894395
145,430087,417.5415757620623
364412,681692,1326.8068312712276
884287,853711,2271.521241239716
216482,71619,2276.0098495683674
662733,759621,1055.2755155026616
299012,850104,1645.869431401819
583351,880878,367.08748862731386
416958,943498,420.61740969007445
69792,733553,893.5482039634712
387456,595651,716.7392644033674
243896,252933,672.4353350241759
152991,361613,1364.4722227097936
858258,568205,789.4411521116456
46049,894544,2625.27594980466
502855,442208,3882.920225947112
413862,442208,2678.254724556043
50105,278891,897.0354628343741
863817,998913,229.18654561351406
490549,422993,1591.4885414294943
656748,840981,2728.3721615369277
562020,965622,2072.965735369068
244421,530632,856.0753490839836
559800,43055,739.6429362140303
549429,853711,1836.9464556175071
363327,837094,818.4428738179772
778959,353431,371.81825700205866
978744,305866,1589.1316483227752
833290,694628,731.1022247101139
939571,361613,2956.070339258038
295282,914322,500.9755530294382
777692,693469,1646.6502459726548
588548,357060,1174.6006295502675
536001,814031,3118.3192837596375
321831,690691,2686.254784246057
764148,969697,10247.923908452483
14688,655018,2336.701535588898
144562,765421,2176.0725169839425
107122,311506,32.55700317064203
812593,81663,668.4143631544322
624871,974267,146.68298541823864
674938,817299,391.3660581916365
110303,442208,5433.011842582447
619310,230551,338.97870399229237
886976,595651,880.0321215225263
292231,357060,2850.1696680561963
863527,19394,532.4919217417325
927895,785196,452.5040769766536
175764,845427,277.2296199293569
888338,176088,6256.293070479147
742254,427016,902.3669908111503
324446,453949,1798.8538526901216
652256,757587,1762.9170590112371
680069,720245,1279.455942891308
784451,111351,858.2075229315533
677025,631627,98.22946662821485
296676,923116,1504.5803563274858
341782,222168,883.828699107642
27282,685284,1011.6263056528229
494116,155818,242.27186854977901
447121,528099,1485.7059265487405
510562,230551,839.1788864432376
677984,124092,1583.2071803253125
214829,546334,1761.1779279421714
209564,405050,2208.2354485800142
726374,912372,668.0658781988028
345522,235559,1217.2063354169384
118098,513102,2759.247362265096
786606,467336,2473.9287945726437
17180,913809,2054.0229248778287
889399,853711,4036.5440935659803
846172,155818,739.7832396118083
67558,307791,12131.967635043487
929711,710589,3084.903236656945
698431,693469,3409.9267929297494
488932,992122,4651.1027356324885
541424,154970,1767.1726817495623
160531,75840,659.652498934087
168346,481574,3180.186593608673
447968,418786,1637.23421873818
663510,161791,2225.9017442949194
435858,97764,869.4623068417849
805478,442208,3658.9323940483528
551116,676985,683.9464016723796
792165,467336,2295.9660005353026
30144,250431,1255.3541094285983
1539,158427,2074.6989077191083
982806,660174,472.1670078247664
119317,24488,1966.1552944623572
417037,323714,530.658911682034
617795,728573,1545.8958394720278
213860,579967,352.38890041800664
783042,528099,2767.545817629144
820043,576534,639.7091588658736
513869,720245,1205.035808974663
292231,720021,3098.2727645941754
872280,821099,2626.4066619486507
418840,546334,1203.6515269982485
24901,467336,2096.8774494482186
945432,887902,298.2416893400673
243588,121020,1708.8401096262937
782334,615562,2096.118291400253
961018,282435,1403.7495382580557
735011,503267,1234.6390911297462
395918,558616,1006.4292481639009
82245,825117,368.3042378273814
40167,222168,2716.1103659780356
187469,124092,2623.7213809435234
59627,230551,1021.4567404508582
173108,658396,1165.9817975516003
280345,312649,850.8083064398443
537780,151958,2003.4399667998955
792900,842353,246.18985780311664
249741,683627,9297.203737923395
109576,681692,1260.230209430144
994520,62959,724.5549298441839
676547,383272,346.52555330972405
377863,154796,1407.1121367246792
387456,782278,394.8293802389196
381409,842353,290.272133807151
22741,619680,126.02494886295909
978528,578968,2169.5071991468367
112134,15238,1775.917227079049
916590,19394,628.361104260898
200749,652478,3940.204639534437
940045,50627,8430.11837394008
457741,82472,26783.38149584181
999975,337273,1237.984393888752
702113,124092,6012.453324213911
445459,617660,3028.2156335868335
560178,347465,5658.107064239417
927331,950005,4028.894327494001
208224,837231,610.0539588224917
183541,268162,576.9895474735541
572310,586320,782.6493624622212
413789,156463,573.7599836703182
272968,853711,1881.0284414337787
580758,579967,2715.587476939253
971290,15238,2438.8103646628524
428585,134783,336.5492244669045
127409,251377,2043.9702755598134
772157,124092,13366.23068054763
300804,493058,581.7812940853271
834971,761992,423.8404755908596
146170,772796,3461.65587282019
596916,442180,926.7549935892846
694461,833579,746.824424270698
687395,357060,213.20116652202438
226076,546334,4237.621754706111
878123,50627,77.64100871436868
198694,397791,2149.4613241782795
670600,510309,656.1030812887609
469180,610393,703.0711798180481
572442,716602,228.08376274655606
237425,62760,767.7016208240871
999975,765421,322.2035489584781
826214,124092,2392.384352569624
351038,682351,4979.183233156624
708871,358877,839.7719305737289
893916,464465,1271.0350724252944
202173,531167,2753.6679290504976
40167,853711,4255.678794535361
980347,13960,4626.86863442503
553396,247498,821.188514050607
845632,618540,244.43602263171303
386252,979791,2867.631887936289
601817,843807,3577.8720969570318
204933,27852,214.5349072777721
578454,231924,736.5996384073185
983979,79564,850.7842085915307
767217,752391,5588.39378859702
178036,707607,4960.163406582891
572442,817206,253.66898134878252
508803,944806,458.7946527986055
217877,779403,873.8248042829966
860559,378771,406.0885428378079
198694,442208,3715.579840312436
13084,944806,373.7268782827909
994931,220331,232.75543796862513
489729,629128,818.5987004216795
564202,429117,1757.765450825089
617317,902478,803.352567203133
452902,449058,373.8475398677382
820777,417293,1077.4636173913798
784451,707607,1745.048002119554
509937,194983,759.3841286929414
518921,442180,1839.7880186927287
316303,442208,3041.373971339875
583366,322141,473.96918530560333
500846,404332,1073.7496357641915
921349,593896,312.32692339268715
589816,200991,221.20944615197484
838702,892846,639.9454127196406
777914,945506,1688.7747753466656
536265,622212,208.6958453062766
617317,481574,2565.8458872386036
834971,500298,525.8137607881349
991163,825117,561.8335945014533
235413,154970,5095.880451891908
485327,563716,800.0468290794554
143176,880878,811.7751709894395
104494,493058,3815.7123757214626
846172,958530,1128.2417001085046
183697,419839,4127.31876801808
208237,984203,1495.2208111975092
182917,772796,813.5683530519012
307836,578968,489.435565902265
21485,697735,2486.0466399169954
662733,263311,1048.6366967249028
633800,960493,429.6778206079962
804583,59550,2196.0901475611126
518855,165882,1645.4864132559514
239119,892846,1397.3215138446503
387451,341932,2473.065663910176
365616,68758,336.6263738269658
173108,530577,1345.5172429424156
867717,776827,2389.986303243555
300740,810856,2214.137764109783
405415,166932,3800.068073904771
150265,122935,1533.842469811289
226184,193033,276.91834752468753
887167,62959,652.4094503357296
533645,936020,5088.830060984227
320505,357060,383.60141319406597
921500,849673,371.2418218772383
548221,610392,1250.3410322161058
368452,467096,1825.222863028098
363878,230502,15.568801955439795
212256,284898,3003.919575288285
980347,419839,4706.608530644496
943078,974267,1290.4129148920583
779163,203088,2061.8580137515796
757708,528099,548.1510061823257
583085,6139,1175.5940658132038
30727,217762,1754.4770770676848
561339,887902,266.6014856173939
909495,693469,706.0714752473976
374572,134783,700.6066530129217
884287,134783,506.9384191968751
901815,155818,2526.865689315605
477165,926341,1975.4825375980545
721041,292823,8281.115715847347
68322,45981,526.8564897841782
951876,263311,1463.4322995260143
875919,772796,48.01714715827866
632109,364227,3122.6326513481154
773773,885751,688.0869139237111
956839,11502,2656.005782942421
301337,361613,1974.3640247722733
675367,969697,2765.8021725119766
145284,379168,1282.5571251118915
858239,222168,592.5447904953567
102809,132768,499.4727297978638
136343,707607,1042.2496720840245
873129,720021,1485.8211077626447
743325,166932,2025.462392451821
344387,322436,1796.5783686538712
280445,361613,2319.552914426061
83556,175115,1740.9689850433183
220518,362489,841.2219310604694
185706,944806,684.4583811528669
750533,768391,1501.0713816874809
834971,733338,558.2113435051892
107122,33540,36.17960233040413
757708,828986,50.565894039493166
879323,417999,1221.1671926875852
185706,85370,889.1026360596966
387838,358492,2174.1925668146323
152481,421381,154.42934773110935
435311,530632,364.65790746679954
385467,890771,363.8112637735467
890152,64135,1690.3462946283767
909244,838276,1465.2369905366854
749597,811014,3609.616558745044
833025,299199,1100.1804365885255
515608,701088,900.5303400278112
194857,449050,1705.8650862301863
617795,481574,3353.7958629795753
584862,681692,1978.4484220969816
890236,912312,1807.942863640279
749597,311506,3525.832559000951
217484,121800,1479.2692554724285
546836,68758,303.3054700805444
615851,720245,802.1360897053116
202173,341932,865.7983806851598
547245,337273,1520.2554230087012
130948,648801,1288.4632355893468
24807,494777,70.59129291142196
819064,22989,4478.25018101998
499564,706119,1500.44734128027
310461,531167,7646.213608498709
676547,982698,427.23476353596067
405415,352427,3562.6193884559407
625230,99737,869.9064366676871
308469,510343,1002.5255619516979
609299,203088,731.3827274703106
51230,817206,1056.294534909871
227356,361613,1675.5134697744822
824555,639983,744.0091044100859
933875,807942,1768.1548598218392
208237,172260,1576.358572324205
782910,855224,388.7679525390031
510562,22989,1003.1856601368579
917325,768391,432.71562417209054
425517,508949,1887.9862314564934
223302,513102,209.1212882363981
233229,543648,1788.18737147279
307077,222168,428.82942929003565
958627,890120,120.80009921384375
889399,461185,2319.1432952856444
749499,767751,594.5363628566367
46049,789786,2559.9570073469276
137040,720021,8255.177111794697
88225,626986,1987.3221030060436
788474,207572,499.8453186328112
120748,944806,409.32853923377536
455432,280800,1331.4197419643328
798629,501406,3295.0181077417283
856725,505424,1174.6610388744962
694461,365434,1033.5924739175261
569729,947182,867.2498275040095
444135,337273,2018.2612848089484
619849,915961,857.8617508129987
377319,944806,493.49746321288046
550427,720021,1957.065254184055
51230,853711,2753.8144164024393
374572,656648,761.9932522679544
12180,34924,158.72670065677244
150265,660174,1226.854628174994
227443,166845,2952.5293911903736
314004,332403,746.8485598456658
135153,493058,384.9586611362676
91355,71619,1279.4148532150994
301186,361613,5884.658294911923
195691,853711,2044.5956766289487
174752,969697,2630.3579078286803
336630,717014,181.43450114676264
191061,896897,229.36579126127518
602086,955087,855.2572127051764
992466,610392,104.2765664356194
633398,959822,682.5071972113298
655693,419839,1104.1925752626864
572310,467336,2868.3466641493533
993698,845427,1208.0997152082878
12778,508949,477.42370784767127
370851,81586,1308.6701293096644
568086,733553,995.2532085608373
101403,810856,1291.0460710496818
400288,127368,1750.123589187972
202214,176088,4792.710474597563
106743,272463,1549.1281117580875
117383,426319,436.46225755076705
804132,163987,508.58271426154727
233136,745054,2381.751255451209
103719,595651,2308.1782113816803
857999,205688,1171.240915543807
522992,285685,938.4354673374146
830138,467336,3866.9873366269367
387451,950993,2039.6656087881984
992466,19394,178.05290405833023
593103,427016,855.1664433385063
784715,662929,3344.912917441411
125115,357060,248.4163056753145
523601,327235,2935.0650382006224
249667,98678,3027.902741097215
908195,158535,908.8857119345623
179421,683627,4085.0300385368355
725592,313536,324.86164687881376
235413,59550,4589.418619138403
385510,560212,6673.1719173493875
495692,139045,1260.802865349968
271278,490812,566.7586917224141
887200,429815,5965.8263388898085
169645,343176,160.84564042421246
983674,414172,1881.6020246793914
889399,111351,1984.0926786552807
729972,361613,4509.624492745985
980347,197651,6190.163642981404
213860,356630,153.85483424776518
685438,918042,7683.808749119922
173042,466431,1866.343057144649
454428,354754,940.9200450444544
385467,298381,373.4023772134047
590674,760269,129.0977092960491
567216,772796,608.1137594063351
40413,313852,1383.7271481650337
279138,337610,444.77981145541537
135153,853711,2135.4209365259276
143176,878826,1071.8827077761648
871393,918042,4386.281458960124
25383,765421,1072.012732311278
779448,467336,2537.3478568861988
113887,831838,8283.231886797405
70420,417921,437.37390462351135
154186,719321,18.662573853805405
583085,419839,1289.5249516408953
179421,325135,2183.5872870566545
872280,203088,2511.341641407711
753692,660124,846.6528713571497
544870,298381,2390.391201373046
326381,21244,2046.130031573416
212644,865987,1699.9932183119467
398903,628744,3070.558900894316
939109,375031,1361.581975020888
435858,244124,1160.0147261669244
915822,610392,2547.8009395107033
617866,740537,7.051012580224137
24901,172767,97.9143201554091
472016,158396,1131.4812896366934
117648,85370,2737.1618312181454
956139,161470,1526.2629441584775
101403,634974,1373.0329859475453
921349,600576,570.569036897034
784623,219307,2151.026511248131
909244,166703,2041.7471780776086
662690,880536,15375.608239702618
275713,974957,765.0776314898408
674371,865987,1129.6932680534705
550465,30048,705.2008692319814
987042,956375,2957.649408818134
994374,563793,293.8597202796309
264895,230551,163.739976781418
132271,873407,1245.8765178197687
497095,175115,893.1294274603516
663510,324722,449.3281999504785
504078,712748,1892.194219959492
166107,404332,464.497297284785
580347,467336,6053.289315022626
349749,120514,701.3257598536028
314971,121308,3303.3963787189255
607890,843062,189.7574337010874
738689,695522,315.0407896142742
88833,369424,1604.6447181602202
927331,81586,4194.9476439604305
701078,676985,492.29725283535277
798629,720245,4433.208003322868
98220,940359,312.89553873485556
12494,169708,1887.9017569206242
890236,930630,984.4728077518934
14468,675314,735.5854850215305
92970,697735,2712.4976818768523
830138,442180,1745.3275926874953
705632,569289,509.63200107303817
857999,569772,1356.2643414028598
534751,853711,3023.042474018779
506480,247498,3000.9474439163123
322877,371227,64.6618163518279
235452,359220,829.4765250517733
132271,138281,981.435112802297
134594,46696,2698.438327357556
441435,682351,5142.99687859432
558817,528099,979.8257951962223
15762,189673,293.1317048048651
687155,823729,1517.5563126046081
531278,830826,219.58519820110158
145284,790991,684.7048811080815
954515,845658,3951.7458875866123
178036,181501,4615.274267157942
995474,843062,2317.0786532334264
778023,882140,939.6042954543265
700784,606225,6108.000968560638
665381,737971,313.6262045523248
541390,134783,928.2213171885447
198793,322436,399.13622081226663
326381,610392,2020.6588546275686
770147,133305,340.85455399340105
933424,780093,229.71803531437934
886557,395742,7975.888281615038
402936,913129,2084.799045627712
189623,467096,547.5609321469318
74017,482465,1177.6165658888858
71369,728573,1168.8251265633255
991436,916093,7651.8889477981165
583351,161791,1818.2950532054083
46049,956375,4349.369334421328
613750,513382,359.3346067329037
527585,154970,844.8352049385687
770147,842353,424.50484273421773
951876,211286,1207.686240879162
959850,580997,967.1393969874391
837400,809762,675.2000080550243
798629,124092,5561.623909158398
508580,442180,1114.6368927477015
225106,589953,480.39642210773354
875987,161791,2441.070445431592
144771,181501,1064.8430518103783
476123,197587,6332.80050954756
872098,173540,1014.5276331297666
271278,921639,1122.2278319408697
821622,991841,5405.678235462962
153473,11502,1771.19582384576
819316,923116,1323.439059018504
485420,653526,7939.195311852652
749597,968423,4434.367201098608
589816,166845,169.67070673398712
88536,90870,661.8981439601544
492335,313852,4195.794089258827
764100,66853,184.86669940366397
421038,6139,807.6339220900588
965592,835492,863.721240813803
909173,576534,850.184478325174
836445,714905,3084.832163094219
72444,119506,838.9310430239304
454933,19394,1490.948804547682
498989,158427,1627.6244716061215
918090,720245,706.5875452089792
855085,644221,1856.738790782787
875987,755701,1226.3797161092948
425517,419839,1563.1440379018004
160199,671635,585.7562029370533
590674,239589,122.00658051268363
399905,133019,561.9344663904517
699658,178147,1165.0795781970196
599046,825117,481.0227504257897
263144,558834,1596.0941482716114
940375,359220,1931.1673518745492
499932,865987,1298.5430457680395
457220,984203,3067.4698336418896
352318,827034,108.64749402199696
292139,327235,935.454564173396
718042,918042,4263.520650321234
652344,412048,1011.7182584894356
539688,716602,1842.3073198592515
569192,657582,753.8776427456328
589614,776827,832.392243554659
792900,550395,430.51977775460597
653180,342381,710.0232251235427
904490,134783,1580.1732852246896
55408,538378,6787.4246895678225
220422,837187,698.3260120459656
709535,950005,890.0359010109003
417037,392334,452.06106607949084
88536,742056,746.630188602535
12180,600576,783.665160996969
264058,740213,580.7022590427481
23921,689022,1178.323436872622
339740,885378,404.3154116906642
594395,134783,564.6040357053025
748640,92270,24412.433959983813
517910,209750,661.691979567631
446114,181501,1605.3967431188516
705897,430960,1963.6919362195022
67558,395742,12027.349443471798
439346,343176,1557.1156451665797
828331,161791,2376.1331347266328
892491,200991,1888.5909822530691
931169,298381,1214.8258280743657
189623,640865,423.33304003297746
397925,404332,691.1056108189216
956839,731646,1740.762413884827
36970,660174,1197.192577470424
106422,559634,861.3999230511686
141927,618578,1238.3366127593572
391289,955087,1510.9072041895065
263666,689582,124.31155537968323
12180,600576,783.665160996969
489729,850645,1209.104113473801
789805,652478,808.5113268612331
491298,279434,451.9059002805511
572442,337273,1336.5294844594584
117648,660710,2745.7763201150856
280989,414172,330.1306279787366
328887,90870,408.8040630986354
317525,132660,513.1056197783832
322417,935585,1159.5331076759526
85151,785196,233.8757744822584
38878,918042,5109.114887667074
731718,232504,1781.6926343680566
607020,107692,955.9804756360159
403396,618578,25.733996251157418
920883,354754,737.3911037768387
98940,366435,1431.3157928551302
229536,212366,1249.3196700201997
12778,975724,639.3201439545827
509937,998913,374.1399363185968
784616,3894,1294.4597049524166
877276,668467,749.1300208510802
784623,352427,1966.908910769694
632522,742092,899.98286928283
400288,222168,1816.7221572986628
382421,209750,1281.833048832345
669256,442208,3722.7269030858206
805478,683627,3272.3620019985256
199575,850645,1057.7090087015504
429368,212366,429.35950554540204
502855,853711,3243.158706961559
679107,384028,59.855156126620585
55053,895595,955.9936463600034
675367,361613,1634.3880832929092
672075,429117,5053.813851478721
790888,168040,4297.016921472096
927331,109628,3497.79141187844
654489,202503,976.2570005381461
139237,354754,129.0009096692426
152478,203996,231.91555899013449
259799,710003,878.2138031621473
8900,964047,877.204354080701
920883,660174,936.7354287276413
55408,682351,10309.24087148816
314971,720245,5590.627766687216
270111,415782,954.9898399175529
705632,569289,509.63200107303817
118488,752391,955.4154805474989
923376,309284,1370.9859989340073
185660,866793,2131.5216255292976
72444,890120,619.3630234779286
30144,712748,1623.9608118086921
266071,28920,199.97206033240496
984969,252161,122.74693332759546
40167,311561,2759.0964697277595
173042,601908,1881.8379687659383
102901,543819,374.1485593462261
390708,845427,670.0969400599167
30727,20945,1552.643434587143
143176,78544,1062.730145027674
709789,958530,2760.530969094708
160199,390190,1475.533594666159
960206,85370,568.1456440566724
161042,962732,3854.419079028779
402769,926341,574.5996430876767
202335,617660,3514.2412721610235
642482,246334,953.9239883757244
519266,63682,7468.709034290014
312559,913809,897.1054695425386
238972,950081,534.0766948291732
325302,155818,2545.3832717908317
267531,964047,1230.2307048021971
508406,312649,609.8352145204747
960206,745054,131.62651837143807
994931,814246,291.5131536152439
820860,839911,1003.7993058220002
32806,940359,1974.2083612862216
424504,546334,1445.5328937314728
314004,442180,1083.4510113791825
837172,442208,4963.601545223511
393604,453204,532.34210791348
224720,95297,2939.75592657978
695893,670344,2133.7103366900906
393955,85370,1296.7379918112274
367242,431125,283.5282294785151
711400,887902,1744.0220741579574
484907,265980,304.6302184962574
646566,64135,2378.137913639838
102625,24488,5065.004116685921
888088,676985,675.5093207585742
681518,821099,956.4433920362216
749499,230551,696.9909904620395
728367,322436,281.8767882156547
787676,672235,333.2256457427307
978528,429117,2303.3220392460003
677025,508949,263.5934572719458
91756,785679,1329.7752952243009
549525,853711,2964.152092217201
787417,359964,2220.0751224533783
923619,270910,1735.4072889012623
400867,528099,786.4050988068839
737755,957839,613.2072222043475
74425,589532,2881.7302783996365
568086,936020,364.4867020669136
890113,853711,1644.8422663616673
235170,569118,365.60820035938247
536265,528099,503.33884531040303
530390,866793,1139.3137467432275
977079,313852,795.226256534416
389769,875119,1639.3362118869545
428998,49726,927.557969096268
97664,821099,930.8805089341101
575204,252161,358.4236776352045
699658,528099,1453.0933397825447
791435,70231,432.04874249673134
846009,85370,787.5771669994303
721150,676985,753.0966038144484
275713,111351,380.53433998413084
194857,412048,2193.896030749591
170550,402992,2165.860663770308
723044,417293,2994.194166834195
754834,244124,594.7139249273805
822352,199701,1511.9260799850144
235170,352075,369.8469910418737
177443,964047,1072.4826509422446
969286,64135,2858.0564785281904
987325,181501,2306.2073812739814
617846,828819,12015.24766980427
33121,80605,1381.7271440877344
956839,11502,2656.005782942421
367802,265964,1663.9841985715584
888088,404921,348.71197456215504
678529,133039,1083.646326524458
520893,384028,632.1385094888838
809698,442180,1425.128633569439
165614,175115,522.6592292332616
736141,831838,847.2940061456497
96798,807942,334.80864828842385
973459,352427,1920.5356008052677
237425,157172,789.6366597390181
809388,49317,760.7952554226548
545414,498393,494.85072786224146
208084,477242,1403.2563879556706
994374,701088,341.65807129777903
572310,442180,1274.464553289255
640518,59550,2128.839427404576
83635,637840,1334.6511469405252
144562,173540,6168.266078333346
776400,378771,903.5837785426598
16583,528099,985.7474662879338
190904,268162,17.33852514008387
893916,124092,1209.7702950466255
179421,926341,2165.644855233666
701078,110225,519.7693592772617
202247,467336,8628.123618076663
930675,133019,696.437523892454
852394,85370,3387.880202029004
177443,746858,941.5128853554195
562020,530577,2498.1942137518263
197033,748799,3492.5340360272794
82245,853711,1822.00959163646
500846,359220,1212.3412968088332
413789,325135,624.7658991810763
879323,989717,4171.365501348117
202214,779403,5094.544276138227
130226,617660,3114.1828565491046
271278,15238,777.247148017648
994557,134783,1439.0537101546226
227443,120514,3465.6153285151486
85436,166932,675.718216217207
430771,40691,2601.0790160401184
800567,313852,2446.172674737636
594595,272463,3629.1032459510534
602238,838905,3104.309777306644
808515,706119,1591.275734018151
412878,311506,82.10623994601396
187384,698235,593.6513701521965
356813,25918,11949.706339144574
984969,80605,104.59474765630495
416960,252161,487.0769974681149
40413,419839,1243.5997758192102
502855,936020,1376.916861465588
844831,34924,2005.2519109948466
949563,879164,1007.1094828577417
50105,543648,1116.6193169624798
152481,610392,191.34579722642528
434435,785196,366.0869340200364
33464,845427,640.3655493030581
948668,30376,255.44733851368136
778579,957303,299.9393736375395
961715,161791,1766.5777998652525
873523,352427,748.6981231538321
578024,353431,727.7159581587835
304321,853711,2162.6629207796086
791435,103828,410.31634016525567
417654,64135,2033.5942626946594
749492,64135,1240.2248494883386
185706,124806,550.0171427830816
350827,277274,209.14976841582325
51230,634974,1204.14974482767
399905,203088,1241.1043259902513
857999,404332,1292.858734942703
33464,303562,626.1568093383314
184614,977586,695.7208851263783
973459,166845,2099.828298005145
377658,668467,421.2336227420969
704863,578968,815.6625253008679
633359,880878,864.4692330534835
235413,209750,4887.575928396391
465371,372684,1164.1373683666268
98667,207572,838.8387667332038
619079,158396,11396.119695267273
233229,768391,1505.1981183371418
845529,63682,5775.083381851447
322585,693469,919.1370026362549
277054,405050,301.1128112236478
88833,744225,1327.0175872686825
46456,914322,311.0657525648787
15762,668467,10.40378019582092
647391,657859,2862.335239362781
239727,683627,3837.0602773664323
501468,879164,544.6886638868468
642482,209007,1314.426992884251
3028,209750,1590.3826862791861
212710,90870,327.473635349739
472016,28920,922.6156474326482
166292,530577,1898.2473011488432
633359,191894,906.9568942209796
277054,133019,209.24145776878333
835622,197587,3.857142857142857
423178,667537,708.0777704068198
259639,974267,184.05672516022054
845634,419839,972.7976131290172
792165,134783,310.9520062786323
789430,155818,230.49123639822827
277054,343176,231.63494794298984
214829,191894,991.0092732064202
540926,279434,2656.485962495547
857941,706119,730.5595791812539
764096,821099,1186.0342640299364
834971,733338,558.2113435051892
14468,675314,735.5854850215305
912908,493058,1143.7094766412893
853921,172260,1519.043988691487
164135,337273,2506.738964699677
469062,129281,311.71765340443307
416960,166932,717.3435919822376
45937,904169,563.5616808805876
834376,169708,2975.695877254977
909173,175115,1602.6330156458832
920883,660174,936.7354287276413
965592,930577,425.4474097675974
406426,950993,396.89317393966223
103910,7391,148.5741321346017
730687,133305,3.27762140706069
629573,116583,1154.7653610793313
277054,956375,2456.771356584754
803618,927649,3335.2976819188516
275753,390190,336.93302315353037
680728,71619,746.1906575189813
676545,419839,1803.5385384503186
821622,665171,2759.7546630260945
342670,947232,3064.974365945888
494923,282435,2799.236890401698
6135,493058,165.16971488308093
931169,473976,1511.8479776072095
655693,85370,1197.2492368949588
492472,64135,1501.7160872533848
364034,842353,956.0069693810797
25155,645622,741.4798021037543
677058,720245,5417.01977014399
422091,112277,753.9309509123908
170550,302845,1724.2892787864748
402769,175115,1107.7755061339801
454897,516667,751.1875117912512
824555,28920,491.8317475400744
971793,765004,686.2557339606849
292771,124092,1828.1852537051618
103538,357600,1338.8449101347887
124877,440242,305.96503555270687
706244,614148,713.541515493979
88225,361613,2575.6076473898893
699074,541838,862.8011218016748
459393,251377,254.5789996717176
607890,95297,1890.3893870502384
369563,839911,278.50196129770495
421565,134783,1446.7913064940376
72738,9090,189.55350440643474
396793,169708,1457.6178094589045
594595,442180,3316.35582369191
971793,810277,568.5323508036488
445584,124092,4053.1690018487097
189623,442208,2692.5399390638304
617795,830738,1975.734207923368
896821,576534,1885.373523982688
743325,671604,1976.0370528966732
960206,357600,148.22754218050807
49050,64135,2037.127687661646
141927,618578,1238.3366127593572
966008,5626,2909.8505287037856
269980,674187,2201.5348632753844
402769,85370,885.0418930277663
370851,943498,908.1240461259919
625230,676985,969.911247455666
995957,853711,2327.718124913263
539688,707607,3154.4215971687963
155813,866793,17278.541285838786
144562,158396,3935.7785526331973
50241,608480,878.1154061056841
504523,342381,553.1949279369755
757732,337273,4077.2317847235354
548221,282435,2736.8510066765534
951876,693469,1413.6288416797045
287882,955087,1485.6469004054775
890152,879164,1191.0022781746188
320710,322141,1778.4761419713643
638857,369725,1134.482992757054
546836,218845,452.8890974271379
502818,660918,2751.628682758663
725812,753436,3511.912259162567
865119,332403,2435.875692723252
568086,532822,371.1177613673313
620868,433133,3116.8633978906046
132031,555325,2233.390097550857
778959,332403,406.0799343904289
33464,750287,584.2526274886545
382421,270910,660.8177409977617
638857,845427,1155.233888835333
687155,158396,2583.3381591018433
252634,21244,3584.18486047328
259639,503267,865.3970327573367
663510,676985,969.1432327381513
854305,303562,468.6562172670704
30564,812449,355.72039237352834
249741,683627,9297.203737923395
204172,347465,2265.3789368434595
91419,208721,1061.3746921579154
749492,158396,501.1120497170958
713644,175115,1313.957651114268
196165,358492,514.436057670225
411790,220331,259.2766867708334
929711,337273,4394.362782594051
484907,134783,388.0565993228572
568086,576534,486.1708441867692
889517,516044,813.0386743504064
559248,429117,984.6264710963196
497387,807942,1589.0340637853756
341782,633474,2316.8088943158486
294105,546334,1959.3958278875136
651183,974267,4653.870468040604
983674,196949,2137.0996825457714
10146,644221,853.7657459308879
835455,618674,580.1549411618532
459818,652478,511.93182105773894
751455,712748,982.5042177029279
269328,567422,23.28181956346678
499932,892846,1499.0811133872546
179421,442208,4716.991052958744
758559,516667,415.52832546343393
742254,208721,661.0640387420314
522992,830738,1084.9131778191363
518921,962732,1921.2263192473595
593103,765421,372.57263731656064
85752,577053,682.925344934219
149654,550395,825.8587924224505
965700,475471,419.68516866521935
84439,530632,2094.123223496297
663510,528099,1026.4295638167623
888300,923116,1087.041357903524
648669,660918,208.58693661809656
685892,442180,1053.9228943019002
877034,263311,528.3818757889856
196145,442180,2220.98119868297
165117,520816,886.0680697922191
166694,407954,1225.8141194118614
709789,124092,3309.435316187963
452902,442208,2656.8588038237967
49766,880536,603.4180862367953
90694,978372,390.9127934141901
582638,978372,1278.8521463526993
548221,155818,1540.8065856424596
3859,107692,339.4541477831548
33464,71619,608.164089729185
460157,64135,2312.2429664336773
239727,567422,1745.1299271464636
253537,936020,115.56522585645558
567216,306419,690.5640731178576
807227,15238,14321.130602406887
614445,731343,1621.9466463650733
690769,172260,982.3473240957255
541424,465904,2378.7328589675376
677984,222168,444.9711987614014
103910,858686,20.36156863157473
617866,175115,487.5633191874746
278830,449058,837.0340851943517
711678,610392,2423.5827521294755
541424,950993,1863.5149501862393
552585,998913,193.27414300882862
59627,322141,1314.6218852433528
821622,695522,7471.321049595381
470255,510309,127.32390052953969
514757,90870,1401.5701048054607
945089,634962,685.9842319066005
184614,297030,1274.8452538820602
713609,62959,1273.6955138927578
856725,134783,1602.8239380177947
914075,205688,812.2683788819772
826214,701088,1407.0965141070487
52457,175115,2060.023456494939
952776,361613,2221.065654718256
433030,54879,601.2583612472425
583366,24488,1657.949904454564
528461,866793,2522.88165345565
364034,841918,1301.4819723295632
296676,163987,884.323290313935
142118,24488,7558.4039799294305
180375,122935,4073.4692958346313
588774,880878,974.8709024587572
13163,668467,333.4136351990572
399905,103828,822.7727149656373
319372,397791,3417.8029871865674
687507,359964,260.6551579236684
763494,142649,2007.5884476941005
208084,285685,1504.112780741913
258017,442180,1137.2483193367907
803618,668467,2780.4589115888907
275579,62959,1502.633492146709
968045,332403,1101.9824944031302
483556,805598,1036.9950435529056
779448,637840,845.0038353775267
145308,516044,6102.035500015971
939428,18383,2871.1300803440786
252585,194983,790.7840279196922
305246,156463,2195.1856934774337
803618,429815,3652.436594401066
725592,710003,491.7063146751935
339202,737971,706.6370398569411
235126,322436,1337.2663672563683
28913,13960,1094.9123247047764
364412,681692,1326.8068312712276
653180,176088,426.44744116364745
994374,412048,582.8878949238375
878123,955087,258.85413214646786
617317,203088,917.3137302128694
553396,490812,891.5606573418081
469487,361613,2296.899074440196
67558,307791,12131.967635043487
278374,876369,26.537052142979906
700784,461718,7843.132108947761
623472,175115,1581.2714545118963
320710,266291,1580.4015771718105
702370,940359,1376.5912498313403
834971,309284,554.3891581676801
962823,272463,2087.2856191182386
142105,619680,1073.8806235697025
100501,807574,1196.558605508336
18043,858686,165.76602582831296
294105,923116,1401.0248497213547
87420,720245,918.6857840979371
499932,955087,1348.1875750724248
940285,172260,3863.7388908830935
789805,577053,999.6797890779558
134594,964047,3238.400576878812
500189,389719,1487.0240971280305
526882,878826,816.7856662269986
640827,21244,2240.86282686853
580763,259282,1203.9518238051246
926638,359220,15718.638465445416
807227,67592,18763.00381901504
280445,203088,1628.5843542995403
724664,25918,649.6443428761859
106422,349340,860.776673325469
224720,282435,2078.5058057259107
18043,156463,322.11969847293125
308469,539831,1145.0546066958227
523601,203996,2159.790732485174
783758,545918,1535.2909156493174
212710,97764,437.8757149403186
731718,760269,1881.084074080435
736141,62959,1060.5581667055676
694461,365434,1033.5924739175261
235170,421331,258.7528064192192
236412,173540,1095.8077075561168
772279,71619,2892.774604696212
914075,110225,1070.2334725110293
5795,268232,1517.493751368641
68228,481574,3042.761985720933
17887,15238,694.0240221061008
469215,194983,2033.1470362195064
862531,397791,1131.3954573887524
680731,161791,2219.480392160266
177443,203088,1599.5185776410628
503376,843807,436.0492022614998
933875,614148,2121.6612965532477
241456,13960,1150.282945846685
239727,168040,2747.9162967951534
902967,323714,548.454610411007
960230,680503,1199.3285657677127
760280,166932,5341.870877095125
900354,33540,813.1610331788053
984969,76710,130.20774205559047
387838,765421,1786.5600857778154
225106,567422,336.41066347900323
405415,199666,3378.9086455387055
415685,289302,3501.6533925536314
802814,528099,1941.864015412336
873017,361613,2014.2875673910253
718042,134783,725.2199354458244
190904,384028,23.792764401624858
351902,175115,1458.7098420959228
974428,107765,339.3949191981703
9421,861245,1087.4868004760715
32806,427016,2262.8933276639837
52457,219307,1550.8912705404653
637061,354754,40.4008452302499
767243,810856,1815.5230821615046
220422,885751,508.87541014728447
93095,217900,963.1004180653993
213799,211286,770.2764485502644
505547,837412,3188.743266324112
729324,528099,1076.4801800841503
539688,918042,5584.107974080152
835622,695522,244.56204660358276
519934,429815,801.0896400260567
52933,217961,872.3442936702431
395918,792241,754.606303736998
360936,354754,31.898665846419977
846666,614148,587.2822252848973
452902,404332,489.3658187386475
517362,707607,2059.1111558489993
891512,244124,2477.3127278806824
862066,853711,2141.7347096891926
461869,701088,377.8494200773921
606750,384028,1538.9602852645203
485327,841918,1204.7510726585713
50241,431125,47.83746001010151
383577,617660,2448.4768497505506
38683,43041,2335.348119705708
593162,453204,1116.2529167715766
90694,219307,341.57968642559337
726374,254605,1235.871256074536
983433,467336,3127.4664949843373
831804,444328,932.9386084079955
833800,359220,398.50498578222556
402936,617660,3960.2974958535096
87420,720245,918.6857840979371
898415,22989,521.2981456236762
983979,614148,1212.311083763916
804583,143052,2004.0811497222776
916590,250431,257.74996019420814
782910,134242,625.041434842655
472734,453204,1784.39418892003
72444,324722,589.3007326335353
614445,693469,1932.1913541413728
943078,266516,1131.3622241083249
980347,945506,4910.471545569351
257737,828986,129.7074124259282
984969,62959,328.23023045351977
336630,7391,29.212081471884638
943753,701088,1126.7691913686715
240589,134783,2678.1144895287275
68739,178147,452.37748032481477
933875,821099,2195.478643214507
639932,175115,850.6975260765369
394479,442180,1513.004382960281
462373,407954,1006.4365255048876
909495,617660,2055.3458145972213
949563,731343,978.7663671841526
377863,762154,972.1139213120406
385467,38684,286.9753726735939
170321,608480,1755.1836299304618
900354,926341,967.9891419753219
778959,712748,814.5908627220952
560178,282435,6242.495857353142
820777,878826,1092.2749386217251
960673,265964,1563.242028696563
886454,812449,459.7496659334556
562020,965622,2072.965735369068
377319,419839,493.0917009046632
675367,366172,189.7905131778703
387838,567422,1711.055655658838
767217,113347,7256.86255619079
560009,706932,136.87866411665172
654187,950005,1315.1618948496136
290643,416657,1080.0433842828916
386404,853711,2175.0973570068513
55053,975724,465.7972858418683
365616,212366,389.23014156447385
640322,737971,1166.6753871339056
573417,789786,6202.6893814584455
709789,569289,2164.1727911123608
946410,926341,645.9813874670737
229999,322141,1027.1324628085024
940375,689582,1450.1117175906588
198599,306419,1743.445380601409
981277,530632,451.0561814993515
36420,349340,359.2511961455057
24901,352427,138.8153306763114
409386,181501,7974.155218657546
412878,930630,91.79805729231934
112134,289302,2777.5799663874163
675367,156463,380.8456783529127
975124,46820,2143.3757315212106
216482,631627,2745.954886068008
144562,577053,2330.344785309665
254511,828986,902.6883558819617
960230,138281,1068.4414850789985
380320,930577,755.6545913677016
213860,579967,352.38890041800664
383236,914322,375.8684096868065
905328,544583,1552.005422066572
21793,54879,1876.011259532908
322250,149616,2501.819738311947
798855,297030,783.1232159141703
835622,138281,6.697621054897444
393955,978372,883.5027520672636
865822,417921,1360.124088785769
616467,516044,237.5156128112178
703680,46897,1395.3829356595693
550465,453204,941.8094817447825
654489,357600,1121.6971541629568
991074,853711,2405.0856245386276
632109,268162,2997.1454633474223
596439,737971,680.358441463745
865119,689022,3123.1629409684333
253537,947232,207.99884046731808
83635,59550,1068.3567512089826
769063,834789,982.9617107933647
517362,342381,1374.9051806355728
49766,64135,1276.4948477360822
980278,85370,701.0412520993772
511970,722609,299.92293807955707
24356,11502,2742.7748318749505
368452,810856,1736.2090238643714
656073,580997,3821.0704706565793
310461,589532,5298.266344409605
367563,659843,563.0479605875768
391289,285685,1218.7586689948034
976972,303562,1299.421789449781
510457,175115,1734.1276550738853
376613,384028,3049.5578058748597
789430,785196,71.13864633292079
226076,407444,3499.3430153234076
755948,561941,691.3300882231724
511164,467336,4472.482477166032
151062,720021,575.7166742514048
170321,166932,1050.8987989104453
508816,683627,35626.397159323606
738689,892846,533.686390714768
144771,244124,1440.775735079682
881238,176088,396.25325087953235
803238,977784,1087.5652707990641
539688,63682,3452.2563963970424
680396,219307,378.22103177939664
930068,882140,1022.7164291546688
212644,432427,2061.213917608633
900354,419839,1349.783638973246
639932,845427,350.6020508556263
216482,39515,4091.808549391807
550269,181501,196.79823143622883
132590,543819,534.1023479194936
481517,516044,1715.8096166347448
798855,866793,912.3135512169963
75683,24488,2746.7374515224606
135234,898797,2713.5322160874107
12778,577464,1179.5334322925842
727821,356630,69.5841426833967
469215,107692,1630.4996829461475
820860,598237,895.8670623127249
142230,837094,25186.986799089173
715340,735702,468.9794909752183
39732,944806,6325.48270574743
681518,843807,527.0834896850849
277770,714905,1123.150679748579
396606,24488,1587.1731389564509
834376,133019,2499.995370584412
504523,453204,720.2441473517773
544870,912372,2350.9533466183443
828735,501406,236.4419753478965
196095,662929,570.6271373722204
342670,577053,3296.733689462726
560009,825117,404.6763477082777
101403,714905,1399.801564784219
892315,176088,743.9108340883248
951876,784421,944.8470854227692
909244,209750,2017.3079827626834
900119,85370,338.1500051992102
584862,158396,1203.6452931061203
687395,524197,87.45198665591599
609299,942223,145.639919603054
249741,546334,7954.809384498803
32806,539609,1700.342021007219
978528,683627,3908.5583817941792
459818,66853,136.00812948597138
837613,465904,329.2384119924057
749499,639983,873.9664389366292
950407,656648,231.0209187507905
735011,64135,1841.7132138747713
779381,467336,2602.790946331291
647391,795954,1006.7902667882986
293697,68618,4983.750792218448
584862,809762,1167.8803026638634
984356,885763,1587.0106067335287
786116,175115,2194.3172683836874
103538,298381,1859.3354802892118
759507,789472,1071.247991768048
72474,259282,626.4952024389468
500189,902478,1503.4969135106503
229536,107765,1428.1583212848077
226089,508949,1117.086736062418
725812,972871,6088.218757752609
767217,175115,8282.578658368875
968045,442180,1726.7068928052795
444135,181501,1178.9036008041603
633359,301921,968.8559994991124
634006,156463,2891.375711500581
520152,322436,752.3835341198446
275713,493058,397.1559530501291
879323,945506,894.0460991469174
275579,828007,2046.805398447518
607020,178147,789.086268698462
322250,772796,2619.4022742863954
492335,539609,4293.4025005494805
226184,347465,172.88632200334288
898415,389719,591.9787711646277
105101,246334,1333.2475183083848
204933,161470,1601.1268563465576
939238,603814,10.762971232296978
68690,683627,3064.862272743626
133694,88581,904.4422509638052
316303,285685,831.8813417895353
87420,257446,415.8774121973049
136343,2864,173.21767083169857
402769,697735,800.6053685680405
953413,247498,167.0816424916934
627954,203088,619.0277003933703
856942,30048,323.72573291584354
931636,546334,4628.70453882839
711678,337273,3462.5220428418584
441435,311506,515.3200079040333
475415,73778,1353.963991505535
858239,39515,525.0584631748591
881980,369424,2146.1815513936936
567216,430087,707.4363670160175
596916,168040,1819.3623144405847
18043,712748,770.3599499862345
525419,493058,975.7508500078541
110476,506071,664.6908094166527
991074,193572,733.7808441511656
278374,94700,30.983447794015262
308469,943114,1464.9202956688796
555524,665463,2257.35107251437
878123,508949,97.4278343969589
285752,158396,603.6689170962105
462373,155818,1194.5348469565524
809388,880536,378.1919260287406
513869,731646,974.7710065077888
377658,689582,569.4698682876711
864274,417999,1666.1706011403362
351038,682351,4979.183233156624
67558,957839,12251.476838788109
968045,429815,1703.0469592800714
830138,807942,1764.6532330628274
824555,622212,703.4227869044935
235126,400730,1329.768032494436
21488,332403,1166.2642884138882
601148,671604,421.5446138298978
140616,528099,1016.7797371571983
183697,161791,5523.629207315912
200909,728573,1213.6273886127167
932825,776827,1439.9710801191045
443018,652478,1414.9390158921287
698431,323363,2970.099815576923
147687,894544,943.5883296659214
304970,618507,3278.170823520637
891512,543648,2658.0042158245487
825437,561824,948.6026767935202
534751,515741,2002.846326442625
964784,231924,752.9739973810117
411817,398431,4335.6975112380405
1539,341932,2369.2903967148104
600619,799335,212.0076684359408
183735,974957,1947.4198800721226
519266,831838,6571.657630076874
459124,698235,1111.835266596488
653727,788259,879.696634086371
114939,289302,1954.5419491787375
219737,733338,1013.9050910579806
584862,901795,1193.2117763173953
983433,505424,1048.8363960382242
138166,684955,3893.3369180154314
583328,880878,1520.8850551900036
555976,361613,2647.5721709178715
749597,311506,3525.832559000951
456045,111351,392.0235585058961
363327,481574,2995.0697335537493
396793,30048,1137.0755825204842
540742,361613,3219.1025715632877
902967,501522,285.01196539936603
255026,132660,864.4799276799581
33121,80605,1381.7271440877344
328648,173210,1464.3218581104773
607020,449050,824.94671412847
68228,268162,842.7167264758041
358531,890120,883.2671322670525
788474,276204,781.4788264362218
596456,665463,2950.5129268291867
500785,539831,69.33506487034545
307077,853711,1990.1120348642698
897590,878826,2851.898363020913
290858,343176,2175.0423043968444
200909,830738,1446.0952831424952
656056,941421,4496.820759848934
100501,785400,2229.566044082633
738728,498393,6164.9423516669685
640827,301921,2281.163254168525
5334,325135,481.58561707667184
149710,46897,1276.2213660729549
237818,736860,1391.733352394575
26577,228054,84.28823726721828
749519,168040,1721.823112656567
826268,426874,1030.4244116252648
455432,866793,1273.5095934551523
235452,196581,1175.1891380238085
494923,467336,3579.737038837496
406426,289302,1790.9237275658775
856942,708270,1069.9478277620442
873129,13960,1156.777090541541
956139,134783,298.6513278740499
677984,124092,1583.2071803253125
748398,325011,728.9381868798358
606750,634974,1770.8584078008082
665381,417921,561.4606840382394
751455,272463,1584.1229252577493
73080,765004,2085.3188557448752
98012,498393,607.2190796381576
455432,720245,1813.7673494439177
303118,308431,272.9959295919061
60438,464465,2257.5182415470244
502855,48739,1855.8587290207238
681584,322141,474.71080644781887
662690,425848,5926.77723821037
742254,681692,1365.2912961695206
302297,799263,519.9698256247563
164135,76710,1525.974052021101
295548,62959,424.9059255823159
49050,121800,1482.5789956541582
611037,363377,1740.7896271504374
46049,546613,2298.971937900482
330908,429117,1134.0500090058963
200909,546334,2090.390183711501
801034,581871,886.7685948078458
716303,950993,747.2564343414208
751813,337273,2138.534632486394
790396,742056,217.87376532755854
192054,429117,1817.5677072413328
626453,368515,6747.980232278649
288324,558292,1212.4409665950777
584565,652478,1534.6935663329193
198812,289302,1705.0025167442122
363327,343176,627.7385245896612
176789,753400,744.8768274815621
379529,48739,558.4888048738135
529359,95297,2485.9250312452414
951876,543819,773.2684285148725
428286,59550,1773.2697430801963
952776,662929,1304.6770851094602
444135,353431,1146.2348209087768
888338,964047,5178.8835909103545
30727,217762,1754.4770770676848
691588,427016,850.3582692906823
655693,849673,895.2049433573923
263244,826122,844.6190762835704
119426,853711,8433.403858232223
912908,676985,1869.7596330054362
812593,235165,1120.9898971329826
40056,158427,1835.0995490825596
303215,998913,1828.3426976183173
195074,419839,224.6109839285213
871393,203088,1374.8375465348486
406426,64135,1278.6571138008912
527585,352427,1049.2712729182401
468051,693469,1880.846421886682
299012,79564,1327.2234504567218
826214,845658,1598.9879392563444
771079,880536,276.6282725793456
501724,430087,1017.0634953261455
522694,516044,7600.439831361495
766406,956375,2670.20493696943
652162,731343,1199.6011179405325
42287,59550,559.7961824926315
723328,257446,159.00906366468965
521751,417021,364.6659630050036
356813,565101,12363.237646549553
711678,707607,3360.99203640785
843911,337273,1401.3778181252676
65347,998913,827.288201795318
768985,85370,796.2272954609155
927322,397791,2916.851997979068
514757,172260,1770.339134795909
904490,85370,1745.1025094827314
29341,850645,4140.19223413847
255026,880878,877.5133477265192
680728,615346,1176.143206535352
189623,206481,374.9648397078398
783758,870565,1212.8769987292521
146170,404332,3696.9349658605706
492335,530632,4313.396069857143
151121,494777,1075.8137332668562
718042,282435,1903.5968576427967
198916,175115,976.4111544952722
731718,68618,2173.4322195892446
596580,672708,450.3288715599866
751813,332403,1294.1141185733168
200749,283094,3966.0159024467584
826214,668467,821.837109224701
798629,947232,3751.8580244232835
483900,212366,626.3537090605389
694983,690691,405.9268794301796
5795,603814,1722.1304097872376
103652,841918,1997.457539026143
662733,419839,1145.6479175798477
909826,926341,7463.369238493537
716303,244124,1005.9199437639281
758559,124607,282.494649614207
272515,124092,4761.143633678411
809698,357600,849.7739472513119
32513,498393,585.683608687247
17887,378771,412.2417923031787
529359,412048,1463.2547603305475
446114,124092,2754.336528842893
360729,681692,1367.9379819630872
691588,657582,671.2608659333906
726374,682351,5080.105815149255
522150,639983,529.4980330967051
495790,176088,2010.0425442300475
698971,191894,2541.3823601579743
845632,913129,116.81329731726996
46098,896302,76.52657636678606
996946,256944,8998.016612216774
275713,550395,883.4064226810559
428998,608480,1454.577591776312
555699,251377,199.16335223499064
777468,45127,13062.592989704415
312559,362489,1037.6867280941397
790396,112419,326.5814018726642
764143,914322,430.6507417370828
174752,85370,808.5943682939449
398903,161791,4624.891142135049
104494,962732,4070.5539543875484
454013,535885,481.95172936579803
790825,159780,425.1716571526621
182339,643049,56.5900525799088
596916,357060,679.1049304421305
382421,231924,1159.0532349917844
292139,289302,1841.4135844917027
893916,924533,11.932980685022674
535801,332403,1485.281738857695
784451,359220,908.4636861556867
187469,660710,1863.244259199516
351902,181501,813.065858842831
476123,25918,2994.399403358775
117648,467336,4782.359395257465
508580,728573,770.6440198144646
46079,528099,783.1917364078943
680731,618674,877.3649516937069
263144,197587,1565.8
456096,454172,997.2910110708538
434435,43055,377.01040464987705
930582,491725,4747.595080059557
469180,342381,794.0701524125232
723328,307791,229.73301323116627
101021,682351,6424.042486178779
177443,464465,2429.7606360232057
104494,366172,3417.048391360381
932825,417921,1329.7613860084416
921349,918042,3670.7989034542265
5334,375031,252.9842030687241
360679,765004,410.5385172241868
889517,159780,956.0891235305351
792165,617660,2218.0362835410237
742254,64135,1359.6359274213914
295282,245332,379.92111068084796
548651,175115,848.3391971941469
325302,996452,3363.107337511765
220422,898797,662.0218899994359
582638,87843,2061.839151337115
781590,34924,1098.9812358520064
781590,192063,1746.3031231522914
881980,797471,1616.875549860409
519266,63682,7468.709034290014
917331,842353,2599.93890970105
338199,616925,4916.166316952557
536587,199666,115.73338084565542
674938,127368,376.5787968761142
826214,285685,1303.799524303742
685281,306419,511.9268095767629
145845,357060,586.0948068708858
555699,175115,739.1620804804004
846666,913809,226.43436664992348
458072,68758,1255.4724260606422
504523,134783,478.3108001467107
398335,493427,3961.0567751611575
166292,558292,1611.6649685809793
550465,481574,2871.0756000033566
197548,354754,301.633597854184
179421,810277,2163.1646254525067
889399,156463,2200.5462922817314
853921,103828,1072.4975972003997
157559,272463,5148.196650322618
945432,720021,356.3657207423157
803618,347465,2790.537835536789
416958,701088,924.1571980758888
162306,303318,926.2222573305216
774992,354754,414.2320582648488
109576,943114,379.9689246148442
887152,111351,439.276867620897
25050,998913,112.31162589183525
994557,332403,1367.0420886154486
454897,865987,375.4769186121107
767243,419839,1732.0863192470615
834376,124092,3986.398436953992
154186,209750,699.4428258126212
322585,323714,574.586077820693
629329,442180,547.9071749687873
641245,845427,2727.643938215948
728367,419839,440.4874194386996
635419,481574,3065.702897051208
302297,359964,301.2572429081148
897835,902478,2116.834143274434
593548,984203,856.7645109362982
128643,617660,3742.5936629288717
278830,342381,822.4177118652366
32820,556622,1668.539349921829
873729,926341,1491.4225342026832
347609,30376,820.0928398821959
617866,984203,6.8993190990627475
594395,577053,1015.1394632069432
889399,111351,1984.0926786552807
237818,887902,1384.2584162171433
280445,853711,2623.269585301207
504578,647752,483.26963537577194
873729,742092,1603.91435628486
434435,175115,883.0710027285015
152481,834789,196.0635862156503
199187,161791,1798.7133254091198
930675,464465,1955.1615016865508
773773,765004,802.5931074012709
840888,760269,501.3319954888608
144562,30048,4110.99708263287
831962,549883,875.9557979144263
162330,674816,845.2116372081524
508803,671460,369.55482274236215
627954,111351,123.64711256291908
789805,577053,999.6797890779558
820860,70926,1038.113803644867
194721,76655,1251.968557740127
194857,693469,2348.939737483109
566734,379168,295.9518241588851
715340,923116,955.721691531722
218312,505424,1629.3588239936478
296676,923116,1504.5803563274858
166694,892986,1251.8890321682723
402936,134783,2224.328478525215
253522,720245,2440.3593096572586
447968,640643,1197.9461854643134
288324,112251,1432.7092335099558
80991,530577,745.1051204697736
413862,176088,239.68291828206085
384852,930630,1640.207959426087
115791,530577,999.0290221921437
196767,219307,6391.469473112802
713644,712748,1331.8637374578773
306906,968423,1168.027426975767
102809,230551,691.6278822361135
96798,695522,643.604146291348
947148,378771,2478.2462679865434
914527,218845,688.7200571586698
415534,141278,2207.772030748602
545414,161791,2024.6448605306532
849071,569289,5516.269821925858
757708,828986,50.565894039493166
9797,539831,1649.5410415464066
363659,879573,998.704952819254
633800,708918,383.2063633694303
846009,85370,787.5771669994303
326381,429815,2361.455442559906
303215,695937,2234.8502810935556
960673,751476,1381.7995024130173
255026,680971,678.1791110261812
563940,357060,229.7651299199424
779163,182948,1716.607917848069
208084,378771,1474.2689982897764
106743,21244,359.702585828709
28913,107765,1351.2595012427178
13713,419839,718.3665861057963
290643,359964,1058.8630869908789
500846,785196,990.4773642145212
875919,772796,48.01714715827866
824555,825117,1039.4495096965297
573417,337273,5086.976808063807
432054,589532,1192.5789260732354
411093,332403,1373.6542457389482
727337,382847,1809.643994430572
528461,454172,2702.5781143337795
791435,698415,255.49586664754798
679489,444328,1942.7828274477458
183735,578968,1661.8762705921513
619310,337599,507.5982847230665
633359,191894,906.9568942209796
959850,922019,142.44146350945658
723044,589905,3036.4034085698645
454428,278805,1075.8207945618383
455432,95439,1324.1415785329912
495790,879164,2632.873290607379
700784,477242,6245.670641952178
860559,481574,2580.7075127129697
233713,442208,3173.686323180131
208084,998913,1331.2531770592027
791435,70231,432.04874249673134
937704,941421,1869.169529936753
240824,636297,3513.2263926340993
189623,467096,547.5609321469318
773773,311506,557.635602014064
216482,631627,2745.954886068008
930582,682351,5423.792242347996
508803,519863,324.1110209976637
522150,831838,436.8886409210527
731718,366462,1588.9943035686035
479968,797981,179.15341060584194
208084,593896,1769.2278050923346
492472,842438,659.5176808640288
389822,154796,1073.2542951275188
322250,490313,2836.048031662021
50945,289302,2091.9724822242833
376613,853711,5577.668866332366
46049,728573,2261.225265648816
288123,191894,726.4002160405403
941366,615562,1401.4780977075006
573417,984203,4677.41440155358
456045,368515,657.4379228133371
153473,337599,941.3208977585604
98667,998913,867.1992796439065
617846,852932,3709.203147599569
537780,735779,2150.0990553076076
10243,992122,2352.983090495695
233713,366172,779.288722665038
434435,821099,775.4724269567312
510562,230551,839.1788864432376
193676,158396,1122.6490294288733
120748,660174,413.2008668531905
900354,442180,1388.7802734714223
220422,582264,726.912888545648
517910,546334,1020.6132777424314
178381,412048,1068.9561069681931
217877,138281,532.2022913739866
160817,33540,406.20975306144453
839495,975724,772.3194881716286
255620,124092,1546.4792123356015
772157,7391,12286.323339372037
187469,6139,1675.84902790888
374927,653526,948.1287818226248
475311,124092,1202.0515781917845
208084,285685,1504.112780741913
60438,282435,2422.032200162716
280445,918042,4689.187229898906
144771,205688,1162.2173031511293
961018,785196,62.01846057070272
954515,877336,4084.132420606292
416958,662929,649.9966822254178
634006,926341,2957.1035280898723
936230,560212,55.590220315105114
318384,713381,806.7010157678154
443869,491725,1025.9007921170987
600619,481574,2493.683828682744
834971,64135,1431.6665258648188
831804,151958,690.3081387720165
87432,876369,669.7034918458444
264895,569289,160.0242172234619
968045,442180,1726.7068928052795
54907,652915,614.537790456162
926602,665162,1571.0372705613024
533645,975724,5511.370972801962
293697,955087,3825.5349123024616
888300,845427,520.5230067242614
400867,217961,778.3088294691703
430499,280800,1734.2187391509442
10146,799335,443.22905303005325
981277,964047,406.34876211429605
23921,936020,177.28918133660648
949563,681692,1567.2460647435416
61112,633474,2040.654533928186
265728,30895,1037.747178335253
681518,918042,4098.0337540307655
430499,681692,2725.3963713588937
778023,680503,917.6257241501828
14688,959059,2419.0713113398374
40242,59550,189.54449610462893
617846,892846,8810.110441692093
361097,626176,679.4109904176232
767676,531167,2581.4360176715454
528461,710003,2821.6290991567143
422091,151958,701.566841353469
749597,203088,3966.474427518652
47560,378771,176.28548795417214
780239,200862,484.8265514599073
470255,694161,85.36765978553021
974428,532822,120.66531608829688
448151,638106,370.1523921461731
857999,85370,1528.0158501669428
364412,576469,552.2218454039789
475415,73355,1636.481167286874
607890,124806,137.80992827353714
736141,407954,859.3888803206856
184614,964047,1217.3135262442663
990076,458201,579.0180322383954
504523,453949,673.0439074083323
592059,835492,1395.4633641009036
235452,556507,1020.0887214439015
143176,782278,660.4030953009182
44162,807530,1672.3086924546064
368452,810856,1736.2090238643714
517910,429117,116.94663445049868
425980,21244,1282.3091269749298
98012,736860,940.6851834510701
257737,322436,159.16837517866762
352318,369424,490.2144755936787
492472,579967,737.2999801077451
945432,132660,281.41376740116687
518921,323714,1723.6604858924034
208530,247498,543.8710545287329
522694,366435,8700.755757872208
119426,203088,7238.159755488319
374572,467336,2889.2196269124925
154142,90008,3399.1383005299886
838520,676985,923.5853754778384
468370,357060,2128.4812699067797
277054,343176,231.63494794298984
975852,467096,1622.9767786767115
331478,166845,1552.2852257701938
810801,313852,1716.973312402262
969286,626176,1873.5905752810786
779845,817299,436.9767583136427
149050,882140,1160.4610283572395
971793,918042,4307.711413311144
45937,23763,203.34365388849005
235170,569118,365.60820035938247
881238,271305,446.5221121962957
640322,43055,1025.3371611261991
460157,991841,1867.5130083846525
162330,947232,399.565496477932
160817,923116,1197.6443761547127
501468,809910,299.60767188877713
725812,710003,3184.646547561321
212425,799335,258.3242004661044
85752,710003,617.2747595890211
618019,94700,319.17724937939795
941366,161791,2976.2110647858894
980347,143052,4991.099426682502
90148,46820,4680.656539209858
68322,442208,2590.497550923582
876906,95439,1778.2684001096343
909495,693469,706.0714752473976
393955,437502,1030.2912419235129
916590,467336,2447.0294096512084
59627,676985,1500.4424220995195
154714,956375,2404.578093321776
561339,305861,253.1459679422098
742254,814031,3348.9755468752965
937704,913809,1970.8985562333946
348868,639521,520.7212267358751
98667,512894,965.3040777487856
381520,955087,384.97044891143906
90148,359964,5321.8257009920835
147716,555325,2151.272687377669
28913,528099,1600.3058605198391
43130,404332,1329.8805058594896
411817,710589,1366.7216202663576
747027,878826,1042.5015615729017
290643,695937,1099.5434050099784
859160,965622,732.9077708811385
67558,530577,13778.912500080314
705632,817206,545.0157553074458
173252,358877,715.5458981750626
540742,610392,1491.0881938253544
301337,203088,1245.4873936192378
749499,244124,1012.2439191794618
264058,64135,1424.8920190435797
971793,354754,633.8747452568157
564398,407954,273.58000816334743
890152,342381,1064.3949442029138
383236,412048,858.98748342498
324193,582264,521.1715863632861
513326,66853,273.04404560566593
672617,580528,3104.4198545312784
784451,419839,1245.4368989180716
583085,642163,955.6686042521649
858927,789786,459.32267676950437
834313,701088,892.3632592359456
527866,593407,529.4072066517309
515608,354754,456.44881617979706
195691,378771,423.9386661301618
423178,528099,1415.0135349996146
940045,880536,7771.341775327217
552585,998913,193.27414300882862
149710,124092,2315.3920560114234
266071,247498,264.86141692093304
820043,87843,1009.3221906408523
258017,683627,2533.81379934658
411093,550395,1564.3263283518163
501724,318504,811.4123224198527
580347,110225,4065.738462868879
883476,384028,44.85100676479685
498989,43055,1606.6402472257291
166096,643049,609.2231233570806
350287,173500,273.8300099083786
665978,812449,1063.0612871586186
980278,203088,897.0214223429147
16154,961450,657.6348391553979
113887,722025,8091.188375717815
689551,830738,4175.043336316504
411093,561824,1083.135915316907
369563,828007,139.98802118471997
852394,467336,5262.382396308292
240824,282435,5221.146970842467
33893,475187,1053.5840657827234
763874,11502,7308.497152023439
950407,45981,190.32070328921728
456045,429815,1190.1333868008842
69792,482465,872.5454873000513
476123,753600,3885.3235353276496
779163,712748,2157.7564297290132
485906,545860,826.2862764300663
877276,765004,1028.912097949109
299012,109628,1847.7093747064548
98940,24488,2331.771496047646
29847,65027,270.34467656558706
416960,138281,249.24786216808286
548544,149835,2061.1514435095405
626591,689022,1070.34911224204
674728,993433,952.5668390743863
607020,107692,955.9804756360159
224720,834789,1110.0603102934592
349749,688024,711.84055544992
617795,697735,1615.293034699222
515608,710589,617.2417743109612
69175,39515,609.4301726718402
128643,617660,3742.5936629288717
452902,134783,451.4061385832369
890113,697735,257.2255957999691
292771,46897,643.2426204390581
757708,839768,196.43244559067315
763494,638106,1872.6826366250825
500785,803231,265.7041701056653
863817,427016,645.2433978487312
983003,668467,285.69539993460864
522694,864429,7471.598166490217
43101,662929,693.5204071116707
517362,332403,1261.0595327206324
534751,59550,1605.103110789816
594395,113347,556.0970912884666
929711,950993,3088.53334642533
255026,244124,1010.2658239674772
287882,298381,1522.8487394839176
280445,577053,1518.8460315492864
648669,357060,325.22555287306125
550427,195861,1658.4835493504197
645071,676985,1224.0246738983426
453432,288799,105.31049981163825
803238,235165,1997.0566992269735
165614,134783,83.14738348092378
887152,429815,1201.5197408054219
216482,838773,2475.3280905382044
425517,516044,2291.2966042087155
860559,449058,375.7682884977313
285752,837231,336.5492258397212
641770,2518,677.2322321326375
109353,168040,6972.671828729191
834376,660710,2991.8305675637716
32806,652478,2146.0826169232987
235413,244124,5217.041535015222
485327,276204,868.5467174188359
367563,680971,400.75602812047487
100501,494777,1442.5739045373248
696596,205688,404.24233135722585
583085,121996,1000.4913119895157
847991,71619,567.8141269823282
117648,209750,2919.043152188535
439902,544583,1256.144287111359
377319,593407,509.1331621217386
198694,282435,2804.114430483342
463435,944806,242.55874880938399
272968,168040,1513.3081911285244
172715,779403,674.6646330258573
144919,419839,842.3289329743053
782910,644221,754.5254631221899
185660,841918,2764.2067990131836
539162,22967,259.1205796649891
680396,874488,1017.3026929379664
454428,134783,921.1994546620331
952776,85370,1550.4948370869552
629589,440242,1522.5778489761947
274429,313852,1090.4190729766046
295282,972871,500.60976411757656
277770,493058,968.113230712017
118098,141278,1948.9287969210386
425517,831838,2418.352709502768
285752,191805,622.6813711940442
86582,70231,1208.4656335717718
391445,918042,4323.671258636904
817147,746858,371.8194712861826
417654,875119,1270.802500644537
553396,356630,792.2296869741103
974428,64135,1067.3816842509082
239119,50627,808.0523905854823
827354,231924,998.1294428113432
926638,672373,17001.23295491229
485420,890771,8004.622133136032
217877,926341,757.5632726500851
854305,303562,468.6562172670704
589745,695073,35.727573079063
138166,572683,2656.091842960842
611037,767751,2034.8430253317513
508803,341932,812.941441972388
343297,244124,674.2823632982127
560178,845658,5807.1747658533395
364315,924533,18784.155256344602
672617,62959,2693.3000023846453
447121,545860,1712.3421330135425
723044,230551,2456.2698330492176
473629,831838,2721.650375845316
46079,586320,327.14642463560807
842403,618540,1005.9783102965364
184614,945506,982.9528417058547
536265,913809,200.57136083804485
812593,681692,1537.2026265530053
263666,181501,133.17604707004523
923376,279540,1869.0965042803718
615851,956375,2499.7710827471733
677058,64135,4752.237676640021
849071,918042,9182.475162139619
555524,257446,354.57380103243753
588548,530577,1561.6886161470766
875987,432302,940.2336762358295
826214,442180,1577.536780712796
270111,217762,1268.7025070938557
620114,528099,2685.679143599727
983003,668467,285.69539993460864
307066,155818,390.3983191764446
623472,15238,1446.2928819292504
887152,278805,474.8865309949035
517362,155818,1319.903702522885
687395,138281,44.1391441574906
329721,219307,3849.9672731158935
326381,685277,1994.460437690906
714512,892846,2481.032969185342
266071,24488,1543.5044398470422
956532,24488,1751.9969672657892
112134,322436,1619.246585296087
519861,442180,1028.7188443195453
74832,866793,709.5393020973407
975124,244124,1922.3470124299329
302819,419839,3876.171182694966
85752,467336,2336.6382512081223
983003,287317,552.3036797686941
597966,64135,1343.5702749704783
259639,481574,2325.1292076122622
880633,398911,1116.2240655146602
307836,810277,284.96470936605334
428998,62760,701.509620213635
379357,378771,5431.177522651527
888088,154970,350.6268159816976
791263,90870,354.13038335674435
527585,918042,4628.256716643527
197117,765004,974.0656000383494
38878,225992,1586.0291360300585
